Cislo,Lokalita,Doplnky,Status,Vykon,Rozpocet,Celkova_cena_bez_DPH,Zdroj,Prvni_poptavka,Odeslana_nabidka,Odeslani_zadosti,Uzavreni_smlouvy_o_dilo,Datum_prvni_zalohy,Prvni_zaloha,Datum_prvni_uhrady,Zahajeni_stavby,Ukonceni_stavby,Datum_druhe_zalohy,Druha_zaloha,Datum_druhe_uhrady,Datum_revize,Zadost_o_PPP,PPP,Datum_predani,Datum_treti_zalohy,Treti_zaloha,Datum_treti_uhrady,Podani_zadosti_o_dotaci
1,Ostrava,JG,Ukonceno,5.4,251849.62,322979.00,Interni,01/01/2020,01/01/2020,01/01/2020,01/01/2020,17/09/2021, 222855.51 ,23/09/2021,24/09/2021,18/10/2021,29/10/2021, 111427.76 ,03/11/2021,18/10/2021,19/11/2021,21.07.2022,21/07/2022,26/07/2022, 37142.59 ,11/08/2022,26/08/2022
2,Násedlovice,,Ukonceno,5.4,213426.00,287876.00,Interni,01/01/2020,01/01/2020,01/01/2020,01/01/2020,14/09/2021, 198634.44 ,17/09/2021,16/09/2021,19/09/2021,29/10/2021, 99317.22 ,05/11/2021,27/10/2021,13/12/2021,11.01.2022,11/01/2022,26/01/2022, 33105.74 ,27/01/2022,05/05/2022
3,Čejč,,Ukonceno,8.1,263780.00,278260.00,Interni,01/01/2020,01/01/2020,01/01/2020,01/01/2020,23/09/2021, 191999.40 ,27/09/2021,20/09/2021,29/10/2021,29/10/2021, 95999.70 ,04/11/2021,15/11/2021,24/11/2021,07.12.2021,07/12/2021,16/12/2021, 31999.90 ,16/12/2022,03/05/2022
4,Jižní Čechy,IK,Ukonceno,8.1,422000.00,431304.00,Interni,01/01/2020,01/01/2020,30/09/2021,01/01/2020,26/10/2021, 297599.76 ,29/10/2021,23/11/2021,09/12/2021,30/12/2021, 148799.88 ,08/01/2022,03/12/2021,10/05/2022,17.06.2022,17/06/2022,21/06/2022, 49599.96 ,01/07/2022,O2/07/2022
5,Hýsly,"ET, IK",Ukonceno,4.5,350000.00,304510.00,Externi,01/01/2020,01/01/2020,01/01/2020,18/09/2021,08/10/2021, 210111.90 ,11/10/2021,27/10/2021,11/12/2021,30/12/2021, 105055.95 ,05/01/2022,22/12/2021,27/01/2022,30.05.2022,07/02/2022,04/06/2022, 35018.65 ,04/06/2022,01/07/2022
6,Ratíškovice,,Ukonceno,5.4,219522.00,287329.00,Interni,01/01/2020,01/01/2020,01/01/2020,01/01/2020,29/10/2021, 330428.00 ,04/11/2021,20/09/2021,19/11/2021,29/10/2021, 99128.51 ,04/11/2021,20/11/2021,30/11/2021,14.12.2021,14/12/2021,29/10/2021, 33042.84 ,04/11/2021,29/01/2022
7,Praha,,Nerealizovano,9.9,360000.00,,Interni,01/01/2020,,,,, - ,,,,, - ,,,,,,, - ,,
8,Klobouky u Brna ,,Nerealizovano,9.9,360000.00,,Interni,01/01/2020,01/01/2020,,,, - ,,17/09/2021,17/09/2021,, - ,,,,,,, - ,,
9,Klobouky u Brna ,,Nerealizovano,,1500000.00,,Interni,,,,,, - ,,,,, - ,,,,,,, - ,,
10,Drslavice,WB,R ,8.28,406058.00,494767.00,Interni,01/01/2020,01/01/2020,14/02/2022,,, 150000.00 ,11/05/2022,22/03/2022,,, 170694.62 ,,,,,,, 56898.21 ,,
11,Uherský Brod,,Ukonceno,7.2,425000.00,367016.00,Interni,01/01/2020,01/01/2020,12/11/2021,11/10/2021,11/10/2021, 253241.04 ,12/10/2021,23/11/2021,30/11/2021,30/12/2021, 126620.52 ,06/01/2022,22/12/2021,22/01/2022,07.02.2022,07/02/2022,10/02/2022, 42206.84 ,21/02/2022,28/02/2022
12,Hýsly,WB,Ukonceno,7.2,323000.00,416654.00,Interni,01/01/2020,01/01/2020,29/11/2021,14/10/2021,18/11/2021, 287491.26 ,01/12/2021,07/12/2021,11/12/2021,30/12/2021, 143745.63 ,04/01/2022,22/12/2021,22/01/2022,07.02.2022,07/02/2022,07/02/2022, 47915.21 ,17/03/2022,05/05/2022
13,Kyjov,,Nerealizovano,8.1,309567.00,414033.00,Interni,01/01/2020,01/01/2020,,,, 285682.77 ,,,,, 142841.39 ,,,,,,, 47613.80 ,,
14,Kuřim,,Nerealizovano,,,,Interni,01/01/2020,01/01/2020,,,, - ,,,,, - ,,,,,,, - ,,
15,,,Nerealizovano,,,,Interni,01/01/2020,01/01/2020,,,, - ,,,,, - ,,,,,,, - ,,
16,Smraďavka,PS,Pripojeni,7.36,203113.00,254057,Interni,01/01/2020,01/01/2020,30/06/2022,19/05/2022,09/12/2021, 175299.33 ,06/01/2022,,,16/09/2022, 87649.67 ,19/09/2022,,,,,, 29216.56 ,,
17,Kyjov,,Nerealizovano,,,,Interni,01/01/2020,01/01/2020,,,, - ,,,,, - ,,,,,,, - ,,
18,,,Nerealizovano,,,,Interni,01/01/2020,20/10/2021,,,, - ,,,,, - ,,,,,,, - ,,
19,Vlcnov 1068,,Odlozeno,8.1,300930.00,407159.00,Interni,01/01/2020,20/10/2021,,,, 280939.71 ,,,,, 140469.86 ,,,,,,, 46823.29 ,,
20,,,Nerealizovano,5.4,252000.00,302963.00,Interni,01/01/2020,20/10/2021,,,, 209044.47 ,,,,, 104522.24 ,,,,,,, 34840.75 ,,
21,,,Nerealizovano,,,,Interni,01/01/2020,20/10/2021,,,, - ,,,,, - ,,,,,,, - ,,
22,,,Nerealizovano,9.9,330000.00,,Interni,01/01/2020,20/10/2021,,01/01/2020,, - ,,,,, - ,,,,,,, - ,,
23,Brandýs nad Labem,,R ,8.28,,,Interni,17/05/2022,,18/05/2022,,, - ,,,,, - ,,,,,,, - ,,
24,,,Nerealizovano,,,,Interni,01/01/2020,20/10/2021,,,, - ,,,,, - ,,,,,,, - ,,
25,Ratiskovice,,Ukonceno,5.4,240000.00,302963.00,Interni,20/10/2021,25/10/2021,30/11/2021,,25/11/2021, 219394.00 ,27/11/2021,17/01/2021,21/01/2022,03/02/2022, 129013.00 ,04/02/2022,04/02/2022,16/03/2022,07.04.2022,07/04/2022,04/02/2022, 34840.75 ,04/02/2022,10/05/2022
26,Polešovice,,Pripojeni,9.0,389600.00,467870.00,Interni,20/10/2021,11/01/2021,17/02/2022,04/04/2022,07/01/2022, 322830.30 ,20/06/2022,11/04/2022,15/06/2022,15/06/2022, 161448.00 ,,18/07/2022,04/08/2022,18.11.2022,,, 53773.00 ,,
27,,,Nerealizovano,,,,Interni,20/10/2021,11/01/2021,,,, - ,,,,, - ,,,,,,, - ,,
28,,,Nerealizovano,9.9,385000.00,,Interni,20/10/2021,13/11/2021,,,, - ,,,,, - ,,,,,,, - ,,
29,Rohatec,,Ukonceno,9.0,230000.00,278261.00,Interni,20/10/2025,14/10/2021,25/11/2021,22/11/2021,23/11/2021, 320000.00 ,03/12/2021,30/11/2021,10/12/2021,03/12/2021, 96000.05 ,03/12/2021,28/03/2022,03/02/2022,28.04.2022,28/04/2022,23/11/2021, 32000.02 ,03/12/2021,nežádá
30,,,Nerealizovano,,,,Interni,21/10/2021,,,,, - ,,,,, - ,,,,,,, - ,,
31,Velké Bílovice,ET,Odlozeno,5.4,173130.00,235519.00,Interni,28/10/2021,24/11/2021,,,, 162508.11 ,,,,, 81254.06 ,,,,,,, 27084.69 ,,
32,Rohatec,ET,Odlozeno,5.4,295950.00,377380.00,Interni,01/09/2021,23/11/2021,,,, 260392.20 ,,,,, 130196.10 ,,,,,,, 43398.70 ,,
33,Uhřice,ET,Odlozeno,7.2,315475.00,401563.00,Interni,01/11/2021,09/11/2021,,,, 277078.47 ,,,,, 138539.24 ,,,,,,, 46179.75 ,,
34,Dražůvky,,Nerealizovano,5.4,252490.00,325977.00,Interni,01/11/2021,03/12/2021,,,, 224924.13 ,,,,, 112462.07 ,,,,,,, 37487.36 ,,
35,SK,"ET, SK",Odlozeno,9.9,365000.00,476894.00,Interni,01/11/2021,01/11/2021,,29/11/2021,23/11/2021, 329056.86 ,,,,23/11/2021, 164528.43 ,,,,,,23/11/2021, 54842.81 ,,
36,Uherský Brod,,Nerealizovano,8.1,336000.00,414777.00,Interni,18/10/2021,01/11/2021,,,, 286196.13 ,,,,, 143098.07 ,,,,,,, 47699.36 ,,
37,Šitbořice,,Nerealizovano,5.4,252490.00,325977.00,Externi,01/11/2021,13/11/2021,,,, 224924.13 ,,,,, 112462.07 ,,,,,,, 37487.36 ,,
38,Dolní Bojanovice,,Nerealizovano,7.2,298000.00,398633.00,Externi,08/11/2021,13/11/2021,,,, 275056.77 ,,,,, 137528.39 ,,,,,,, 45842.80 ,,
39,Hodonín,ET,Ukonceno,9.9,310000.00,414473.00,Externi,25/10/2021,13/11/2021,11/01/2022,20/12/2021,20/12/2021, 285986.37 ,21/12/2021,,,, 142993.19 ,,,,,,, 47664.40 ,,
40,Luhačovice,,Nerealizovano,5.4,239000.00,302435.00,Interni,10/11/2021,14/11/2021,,,, 208680.15 ,,,,, 104340.08 ,,,,,,, 34780.03 ,,
41,Hodonín,,Nerealizovano,7.2,312000.00,398479.00,Externi,10/11/2021,22/11/2021,,,, 274950.51 ,,,,, 137475.26 ,,,,,,, 45825.09 ,,
42,Rohatec,,Odlozeno,5.4,265060.00,325978.00,Interni,10/11/2021,19/01/2022,,,, 224924.82 ,,,,, 112462.41 ,,,,,,, 37487.47 ,,
43,Kněždub,,Odlozeno,5.4,251790.00,325690.00,Interni,10/11/2021,23/11/2021,,,, 224726.10 ,,,,, 112363.05 ,,,,,,, 37454.35 ,,
44,Fryšták,,Nerealizovano,3.6,232000.00,290167.00,Interni,15/11/2021,23/11/2021,,,, 200215.23 ,,,,, 100107.62 ,,,,,,, 33369.21 ,,
45,Bojkovice,,Nerealizovano,8.1,320000.00,409525.00,Interni,11/11/2021,12/11/2021,,,, 282572.25 ,,,,, 141286.13 ,,,,,,, 47095.38 ,,
46,Hodonín,JG,Ukonceno,5.4,285930.00,363332.00,Externi,13/11/2021,23/11/2021,20/12/2021,10/12/2021,10/12/2021, 187272.00 ,17/12/2021,10/01/2022,18/01/2022,02/03/2022, 188859.00 ,16/05/2022,26/03/2022,09/05/2022,25.05.2022,17/06/2022,01/06/2022, 41700.00 ,09/06/2022,01/07/2022
47,,,Nerealizovano,5.4,252000.00,325977.00,Externi,13/11/2021,23/11/2021,,,, 224924.13 ,,,,, 112462.07 ,,,,,,, 37487.36 ,,
48,Čejč,WB,Ukonceno,8.7,364308.00,424524.00,Interni,24/11/2021,02/12/2021,25/04/2022,16/12/2021,16/12/2021, 275320.00 ,23/12/2021,21/02/2022,,30/06/2022, 164883.00 ,11/07/2022,04/07/2022,20/07/2022,26.10.2022,,26/10/2022, 48000.00 ,,03/11/2022
49,Čejč,,Nerealizovano,5.4,252000.00,325977.00,Interni,24/11/2021,02/12/2021,,,, 224924.13 ,,,,, 112462.07 ,,,,,,, 37487.36 ,,
50,Mikulov,,Nerealizovano,7.2,316000.00,401563.00,Interni,22/11/2021,06/12/2021,,,, 277078.47 ,,kordula,,, 138539.24 ,,,,,,, 46179.75 ,,
51,Ostrava,LM,Ukonceno,5.4,260000.00,317790.00,Interni,29/11/2021,10/12/2021,16/05/2022,05/01/2022,05/01/2022, 219275.10 ,08/01/2022,24/01/2022,28/01/2022,04/02/2022, 109637.55 ,05/02/2022,18/03/2022,25/05/2022,29.06.2022,29/06/2022,30/06/2022, 36545.85 ,30/06/2022,10/08/2022
52,Šenov u Ostravy,,Nerealizovano,5.4,260000.00,317790.00,Interni,29/11/2021,10/12/2021,,,, 219275.10 ,,,,, 109637.55 ,,,,,,, 36545.85 ,,
53,Šenov u Ostravy,"ET,LM",Ukonceno,5.4,287000.00,344931.00,Interni,29/11/2021,10/12/2021,31/05/2022,17/12/2021,17/12/2021, 224987.00 ,23/12/2021,17/01/2022,,24/03/2022, 159684.00 ,04/04/2022,04/04/2022,02/06/2022,22.07.2022,,26/07/2022, 12000.00 ,27/07/2022,10/08/2022
54,Ruda nad Moravou,,Nerealizovano,5.4,260000.00,317790.00,Interni,06/12/2021,10/12/2021,,,, 219275.10 ,,,,, 109637.55 ,,,,,,, 36545.85 ,,
55,Uherské Hradiště,,Nerealizovano,5.4,260000.00,317790.00,Interni,07/12/2021,10/12/2021,,,, 219275.10 ,,,,, 109637.55 ,,,,,,, 36545.85 ,,
56,Vlčnov,,Nerealizovano,4.5,263000.00,328060.00,Interni,01/11/2021,01/11/2021,,16/12/2021,, 226361.40 ,,,,, 113180.70 ,,,,,,, 37726.90 ,,
57,,,Nerealizovano,,,,Interni,01/10/2021,,,,, - ,,,,, - ,,,,,,, - ,,
58,Ostrava,,Ukonceno,6.1,270000.00,346080.00,Interni,06/12/2021,01/01/2020,30/06/2022,09/12/2021,09/12/2021, 298498.00 ,09/12/2021,15/12/2021,,24/03/2022, 59699.00 ,17/04/2022,18/03/2022,12/08/2022,11.10.2022,,11/10/2022, 39795.00 ,21/10/2022,31/10/2022
59,Kobylí,"JG,IK",Ukonceno,5.4,252560.00,326068.00,Interni,12/12/2021,13/12/2021,20/12/2021,16/12/2021,16/12/2021, 224986.92 ,07/01/2022,17/01/2022,03/02/2022,11/02/2022, 112493.46 ,24/02/2022,16/02/2022,06/05/2022,03.06.2022,03/06/2022,06/06/2022, 37497.82 ,15/06/2022,07/07/2022
60,,,Nerealizovano,5.4,260000.00,337668.00,Interni,12/12/2021,16/12/2021,,,, 232990.92 ,,,,, 116495.46 ,,,,,,, 38831.82 ,,
61,Vlčnov,"JH, DŠ",Odlozeno,5.4 kWh,260000.00,326068.00,Interni,13/12/2021,14/02/2022,,,, 224986.92 ,,,,, 112493.46 ,,,,,,, 37497.82 ,,
62,Luhačovice,LM,Ukonceno,8.3,326000.00,405422.00,Interni,22/12/2021,04/01/2022,10/02/2022,08/02/2022,10/02/2022, 286196.00 ,01/03/2022,14/03/2022,21/04/2022,20/04/2022, 140039.00 ,27/04/2022,26/04/2022,14/07/2022,20.09.2022,20/09/2022,20/09/2022, 40000.00 ,27/09/2022,12/10/2022
63,Březová,LM,Ukonceno,5.5,283000.00,355610.00,Interni,22/12/2021,04/01/2022,10/02/2022,08/02/2022,10/02/2022, 224987.00 ,01/03/2022/,16/03/2022,20/04/2022,20/04/2022, 153965.00 ,27/04/2022,26/04/2022,27/05/2022,13.07.2022,13/07/2022,18/07/2022, 30000.00 ,07/09/2022,27/10/2022
64,Újezdec,LM,Ukonceno,7.4,312000.00,389750.00,Interni,22/12/2021,04/01/2022,10/02/2022,08/02/2022,10/02/2022, 275383.00 ,03/03/2022,14/03/2022,20/04/2022,20/04/2022, 132830.00 ,27/04/2022,26/04/2022,27/05/2022,20.06.2022,20/06/2022,21/06/2022, 40000.00 ,07/09/2022,27/10/2022
65,Uherský Brod,LM,Ukonceno,7.4,312000.00,389750.00,Interni,03/01/2022,08/01/2022,17/02/2022,11/02/2022,11/02/2022, 275383.00 ,01/03/2022/,14/03/2022,20/04/2022,20/04/2022, 132830.00 ,27/04/2022,26/04/2022,27/05/2022,13.07.2022,13/07/2022,18/07/2022, 40000.00 ,07/09/2022,01/11/2022
66,Brno,"JH, LM",Odlozeno,7.2,316000.00,401563.00,Interni,03/01/2022,13/01/2022,,,, 277078.47 ,,,,, 138539.24 ,,,,,,, 46179.75 ,,
67,Uherské Hradiště,,Pripojeni,7.2,312200.00,387124.00,Interni,22/12/2021,04/01/2022,18/02/2022,13/01/2022,04/04/2022, 267122.00 ,11/04/2022,11/04/2022,,21/06/2022, 133562.00 ,,30/05/2022,20/11/2022,,,, 44520.00 ,,
68,Ostrožská Nová Ves,ET 10,Ukonceno,7.2,308800.00,382714.00,Interni,22/12/2021,04/01/2022,30/05/2022,19/08/2022,13/01/2022, 266333.00 ,13/09/2022,,,, 129776.00 ,,,,,,, 44012.11 ,,
69,Vlčnov,,Nerealizovano,,,,Interni,13/12/2021,,,,, - ,,,,, - ,,,,,,, - ,,
70,Strážnice,,Nerealizovano,,,,Interni,13/12/2021,,,,, - ,,,,, - ,,,,,,, - ,,
71,Lovčice,,Nerealizovano,5.4,251790.00,325690.00,Interni,13/12/2021,20/12/2021,,,, 224726.10 ,,,,, 112363.05 ,,,,,,, 37454.35 ,,
72,Bohuslavice u Kyjova,,Nerealizovano,,,,Interni,13/12/2021,,,,, - ,,,,, - ,,,,,,, - ,,
73,Uherské Hradiště,,Nerealizovano,8.1,336000.00,414777.00,Interni,13/12/2021,14/12/2021,,,, 286196.13 ,,,,, 143098.07 ,,,,,,, 47699.36 ,,
74,Uherské Hradiště,,Pripojeni,7.2,271888.00,330755.00,Interni,13/12/2021,15/12/2021,13/04/2022,224/05/2022,27/01/2022, 181589.00 ,27/01/2022,25/02/2022,22/03/2022,13/06/2022, 160742.00 ,13/06/2022,08/062022,10/06/2022,17.08.2022,17/08/2022,19/08/2022, 38036.83 ,19/08/2022,24/08/2022
75,Horní Němčí,,Nerealizovano,5.4,295100.00,360000.00,Interni,03/01/2022,08/01/2022,,,, 248400.00 ,,,,, 124200.00 ,,,,,,, 41400.00 ,,
76,Zlín,,Nerealizovano,8.1,336000.00,414777.00,Interni,04/01/2022,07/01/2022,,,, 286196.13 ,,,,, 143098.07 ,,,,,,, 47699.36 ,,
77,Bánov,,Nerealizovano,5.4,252560.00,326068.00,Interni,04/01/2022,09/01/2022,,,, 224986.92 ,,,,, 112493.46 ,,,,,,, 37497.82 ,,
78,Čejč,,Nerealizovano,5.4,252560.00,326068.00,Interni,05/01/2022,09/01/2022,,,, 224986.92 ,,,,, 112493.46 ,,,,,,, 37497.82 ,,
79,Uherský Ostroh,JG,Ukonceno,5.4,260000.00,341377.00,Interni,20/12/2022,01/01/2020,18/02/2022,24/02/2022,24/02/2022, 235550.13 ,03/03/2022,28/03/2022,12/05/2022,29/04/2022, 117775.07 ,16/05/2022,28/04/2022,26/05/2022,13.07.2022,13/07/2022,13/07/2022, 39258.36 ,19/07/2022,01/08/2022
80,Hodonín - Výhon,,Nerealizovano,8.1,336000.00,414777.00,Externi,04/01/2022,,,,, 286196.13 ,,,,, 143098.07 ,,,,,,, 47699.36 ,,
81,Rohatec,ET,Nerealizovano,7.36,337900.00,408509.00,Externi,03/01/2022,09/02/2022,,,24/03/2022, 281871.21 ,,,,, 140935.61 ,,,,,,, 46978.54 ,,
82,Čejkovice,,Pripojeni,7.4,326000.00,399105.00,Interni,20/12/2021,19/01/2022,29/04/2022,04/02/2022,04/02/2022, 275382.45 ,04/02/2022,05/05/2022,05/08/2022,05/08/2022, 137691.23 ,02/09/2022,,07/11/2022,,,10/08/2022, 45897.08 ,01/09/2022,15/09/2022
83,Bojkovice,,Nerealizovano,7.2,326000.00,398905.00,Externi,30/12/2021,19/01/2022,,,, 275244.45 ,,,,, 137622.23 ,,,,,,, 45874.08 ,,
84,Hovorany,,Nerealizovano,8.1,336000.00,414777.00,Externi,30/12/2021,26/01/2022,,,, 286196.13 ,,,,, 143098.07 ,,,,,,, 47699.36 ,,
85,Hodonín,"ET,LM",Ukonceno,4.5,230000.00,307625.00,Interni,03/01/2022,07/01/2022,28/04/2022,14/01/2022,19/01/2022, 212261.25 ,19/01/2022,07/02/2022,03/03/2022,28/02/2022, 106130.63 ,10/03/2022,10/03/2022,28/04/2022,27.05.2022,,30/05/2022, 35376.88 ,17/06/2022,25/07/2022
86,Rajhrad,WB,Pripojeni,5.4 kWh,327958.00,405968.00,Interni,04/01/2022,19/01/2022,28/01/2022,28/01/2022,28/01/2022, 254169.00 ,28/01/2022,04/03/2022,,29/08/2022, 172694.00 ,13/09/2022,29/08/2022,29/08/2022,23.02.2023,,, 40000.00 ,,
87,Brno - Židenice,,Ukonceno,5.5,295700.00,404823.00,Interni,  ,14/02/2022,23/02/2022,23/02/2022,23/02/2022, 224929.00 ,27/02/2022,18/03/2022,27/04/2022,23/05/2022, 139894.00 ,26/05/2022,27/04/2022,11/08/2022,23.11.2022,23/11/2022,, 40000.00 ,,
88,Uherské Hradiště,,Ukonceno,8.1,381000.00,467661.00,Interni,10/01/2022,13/01/2022,24/01/2022,23/01/2022,24/01/2022, 290959.00 ,25/01/2022,23/02/2022,21/04/2022,30/03/2022, 193851.00 ,31/03/2022,25/04/2022,27/05/2022,15.08.2022,,19/08/2022, 53000.00 ,19/08/2022,01/09/2022
89,Halenkovice,,Nerealizovano,7.2,326000.00,398905.00,Interni,14/01/2022,19/01/2022,,,, 275244.45 ,,,,, 137622.23 ,,,,,,, 45874.08 ,,
90,Vlčnov,,Nerealizovano,7.2,326000.00,398905.00,Interni,14/01/2022,26/01/2022,,,, 275244.45 ,,,,, 137622.23 ,,,,,,, 45874.08 ,,
91,Vlčnov,,Nerealizovano,7.2,326000.00,398905.00,Interni,14/01/2022,26/01/2022,,,, 275244.45 ,25/01/2022,,,, 137622.23 ,,,,,,, 45874.08 ,,
92,Vrchoslavice,,Ukonceno,5.4 kWh,295200.00,353465.00,Interni,19/01/2022,21/01/2022,01/02/2022,12/02/2022,11/02/2022, 224924.00 ,14/02/2022,14/02/2022,,01/07/2022, 141561.00 ,01/08/2022,08/06/2022,02/08/2022,10.10.2022,10/10/2022,11/10/2022, 40000.00 ,17/10/2022,24/11/2022
93,Mistřice,,Ukonceno,5.4,295200.00,353465.00,Interni,11/01/2022,15/01/2022,24/01/2022,04/02/2022,04/02/2022, 224924.00 ,14/02/2022,16/02/2022,,21/06/2022, 141561.00 ,27/06/2022,11/07/2022,19/07/2022,06.10.2022,06/10/2022,11/10/2022, 40000.00 ,17/10/2022,25/10/2022
94,Hustopeče,,Ukonceno,5.4,260000.00,291664.00,Interni,,01/01/2020,20/05/2021,24/02/2022,24/02/2022, 201248.16 ,25/02/2022,16/02/2022,19/04/2022,20/04/2022, 100624.08 ,26/04/2022,27/04/2022,13/06/2022,18.08.2022,,19/08/2022, 33541.36 ,19/08/2022,31/08/2022
95,Skalice,SK,Odlozeno,9.9,247800.00,312865.00,Interni,24/01/2022,01/01/2020,,,, 215876.85 ,,,,, 107938.43 ,,,,,,, 35979.48 ,,
96,Ivančice,,Nerealizovano,7.2,326000.00,398905.00,Interni,18/01/2022,09/02/2022,,,, 275244.45 ,,,,, 137622.23 ,,,,,,, 45874.08 ,,
97,Prušánky,,Nerealizovano,5.4 kWh,260000.00,454932.00,Externi,24/01/2022,09/02/2022,,,, 313903.08 ,,,,, 156951.54 ,,,,,,, 52317.18 ,,
98,Rohatec,ET,Ukonceno,6.9,321800.00,393085.00,Interni,18/01/2022,28/01/2022,14/02/2022,11/02/2022,17/02/2022, 271228.65 ,18/02/2022,29/03/2022,19/07/2022,02/08/2022, 135614.33 ,03/08/2022,22/07/2022,01/08/2022,10.11.2022,,,45205.00,,
99,Lužice,,Pripojeni,3.68,189700.00,233510.00,Interni,25/01/2022,01/02/2022,18/02/2022,23/02/2022,23/02/2022, 161121.90 ,01/03/2022,28/03/2022,01/06/2022,17/05/2022, 80560.95 ,26/06/2022,27/05/2022,13/06/2022,,,14/11/2022, 26853.65 ,,
100,Ostrava,,Ukonceno,5.52,312700.00,369538.00,Interni,26/01/2022,14/02/2022,22/03/2022,17/03/2022,17/03/2022, 254981.22 ,22/03/2022,09/05/2022,21/06/2022,21/06/2022, 127490.61 ,28/06/2022,03/06/2022,28/06/2022,01.08.2022,01/08/2022,02/08/2022, 42496.87 ,03/08/2022,16/09/2022
101,Kopřivnice,,Nerealizovano,9.9,373881.00,477370.00,Interni,20/01/2022,25/01/2022,,,, 329385.30 ,,,, , 164692.65 ,,,,,,, 54897.55 ,,
102,Kostelec u Kyjova,,Nerealizovano,baterie,,,Externi,21/01/2022,,,,, - ,,,,, - ,,,,,,, - ,,
103,,,Nerealizovano,,,,Externi,22/01/2022,,,,, - ,,,,, - ,,,,,,, - ,,
104,Pohořelice,,Nerealizovano,8.1,336000.00,414777.00,Externi,24/01/2022,01/02/2022,,,, 286196.13 ,,,,, 143098.07 ,,,,,,, 47699.36 ,,
105,Vlčnov,,Nerealizovano,7.2,326000.00,398905.00,Interni,26/01/2022,04/02/2022,,,, 275244.45 ,,,,, 137622.23 ,,,,,,, 45874.08 ,,
106,,,Nerealizovano,,,,Interni,26/01/2022,,,,, - ,,,,, - ,,,,,,, - ,,
107,Podolí u Brna,,Nerealizovano,5.06kWp,294175.00,369650.00,Externi,27/01/2022,07/06/2022,,,, 255058.50 ,,,,, 127529.25 ,,,,,,, 42509.75 ,,
108,Mikulčice,"JG, IK",Ukonceno,8.28,398200.00,471830.00,Interni,27/01/2022,01/02/2022,26/04/2022,24/02/2022,24/02/2022, 325562.70 ,25/02/2022,16/05/2022,20/05/2022,23/05/2022, 162781.35 ,27/05/2022,24/05/2022,02/06/2022,mikrozdroj,17/06/2022,17/06/2022, 54261.00 ,17/06/2022,19/07/2022
109,Horní Bojanovice,,Pripojeni,8.28,400200.00,473530.00,Interni,27/01/2022,01/02/2022,24/02/2022,24/02/2022,24/02/2022, 326735.70 ,25/02/2022,04/04/2022,,05/05/2022, 163368.00 ,11/05/2022,09/05/2022,03/06/2022,31.01.2023,,, 54456.00 ,,
110,Mikulčice,,Nerealizovano,9.9,373881.00,444807.00,Interni,27/01/2022,01/02/2022,,,, 306916.83 ,,,,, 153458.42 ,,,,,,, 51152.81 ,,
111,Bzenec,,Nerealizovano,5.4,265060.00,325978.00,Externi,28/01/2022,01/02/2022,,,, 224924.82 ,,,,, 112462.41 ,,,,,,, 37487.47 ,,
112,Uherský Brod,,Nerealizovano,8.1,336000.00,414777.00,Interni,28/01/2022,28/01/2022,,,, 286196.13 ,,,,, 143098.07 ,,,,,,, 47699.36 ,,
113,,,Nerealizovano,,,,Externi,30/01/2022,,,,, - ,,,,, - ,,,,,,, - ,,
114,Praha,WB,Ukonceno,9,300000.00,367273.00,Interni,11/01/2022,01/01/2020,01/06/2022,11/01/2022,11/01/2022, 253418.37 ,28/01/2022,07/02/2022,,08/04/2022, 126709.19 ,11/04/2022,22/04/2022,02/08/2022,31.08.2022,,01/09/2022, 42236.40 ,01/09/2022,11/10/2022
115,Zidlochovice,,Nerealizovano,,,,Interni,,,,,, - ,,,,, - ,,,,,,, - ,,
116,Kunštát,,Nerealizovano,8.1,336000.00,414777.00,Externi,27/01/2022,02/02/2022,,,, 286196.13 ,,,,, 143098.07 ,,,,,,, 47699.36 ,,
117,Blansko,,Nerealizovano,5.4,265060.00,374874.00,Externi,01/02/2022,02/02/2022,,,, 258663.06 ,,,,, 129331.53 ,,,,,,, 43110.51 ,,
118,Želetice,,Ukonceno,7.36,317900.00,386730.00,Interni,31/01/2022,21/02/2022,20/04/2022,11/03/2022,11/03/2022, 266843.70 ,30/03/2022,11/05/2022,,05/08/2022, 160775.18 ,12/08/2022,12/08/2022,22/08/2022,22.11.2022,,, 17121.00 ,,
119,Moravská Nová Ves,JG,Ukonceno,7.36,392158.00,466015.00,Interni,01/02/2022,03/02/2022,04/02/2022,04/02/2022,04/02/2022, 321550.35 ,14/02/2022,28/02/2022,25/03/2022,30/03/2022, 168515.00 ,05/04/2022,04/04/2022,09/05/2022,03.06.2022,letocha,17/06/2022, 53500.00 ,17/06/2022,externě
120,Kuřim,,Nerealizovano,5.4,265060.00,374874.00,Interni,01/02/2022,02/02/2022,,,, 258663.06 ,,,,, 129331.53 ,,,,,,, 43110.51 ,,
121,Luhačovice,,Nerealizovano,9.9,369581.00,472205.00,Interni,01/02/2022,02/02/2022,,,, 325821.45 ,,,,, 162910.73 ,,,,,,, 54303.58 ,,
122,Havřice,WB,Pripojeni,5.5,260000.00,405485.00,Interni,03/02/2022,24/02/2022,14/04/2022,11/03/2022,11/03/2022, 279784.65 ,21/03/2022,05/05/2022,05/08/2022,05/08/2022, 139892.33 ,26/08/2022,22/09/2022,05/11/2022,07.12.2022,,, 46631.00 ,,
123,,,Nerealizovano,,,,Externi,05/02/2022,,,,, - ,,,,, - ,,,,,,, - ,,
124,Mutěnice,ET,Nerealizovano,9.9,373881.00,477345.00,Externi,05/02/2022,09/02/2022,,,, 329368.05 ,,,,, 164684.03 ,,,,,,, 54894.68 ,,
125,Břeclav,,Nerealizovano,5.4,265060.00,374874.00,Externi,08/02/2022,17/02/2022,,,, 258663.06 ,,,,, 129331.53 ,,,,,,, 43110.51 ,,
126,Šlapanice,,Odlozeno,5.5,296500.00,360300.00,Externi,09/02/2022,02/03/2022,,,, 248607.00 ,,,,, 124303.50 ,,,,,,, 41434.50 ,,
127,Hořovice,LM,Ukonceno,6.8,330000.00,294210.00,Interni,11/02/2022,01/01/2020,11/05/2022,11/02/2022,11/02/2022, 203004.90 ,17/02/2022,10/03/2022,07/04/2022,08/04/2022, 101502.45 ,17/06/2022,22/04/2022,14/06/2022,18.07.2022,,18/07/2022, 33834.15 ,09/08/2022,11/08/2022
128,Komárov,LM,Ukonceno,9.66kWp,320000.00,373913.00,Interni,11/02/2022,01/01/2020,09/06/2022,17/05/2022,18/05/2022, 430000.00 ,25/05/2022,,0/00,, - ,,16/05/2022,21/07/2022,22.08.2022,,, - ,,12/10/2022
129,Osek,,Ukonceno,7.6,350000.00,308985.00,Interni,11/02/2022,01/01/2020,07/12/2021,11/02/2022,11/02/2022, 213199.65 ,29/03/2022,23/02/2022,07/04/2022,08/04/2022, 106599.83 ,22/04/2022,22/04/2022,06/06/2022,05.08.2022,05/08/2022,08/08/2022, 35533.28 ,22/08/2022,22/09/2022
130,Ratíškovice,LM,Ukonceno,3.15,165000.00,206341.00,Interni,11/02/2022,08/03/2022,23/05/2022,08/03/2022,11/03/2022, 142375.29 ,16/03/2022,27/04/2022,,21/06/2022, 71187.65 ,28/06/2022,20/06/2022,,mikrozdroj,,19/07/2022, 23729.22 ,15/08/2022,16/08/2022
131,Brod nad Dyjí,"ET, DŠ",Odlozeno,5.5,295100.00,360470.00,Interni,11/02/2022,14/02/2022,,,, 248724.30 ,,,,, 124362.15 ,,,,,,, 41454.05 ,,
132,Bílovice,"JH, DŠ",Nerealizovano,3.6,189700.00,234260.00,Interni,14/02/2022,21/02/2022,,,, 161639.40 ,,,,, 80819.70 ,,,,,,, 26939.90 ,,
133,Hodonín,WB,Ukonceno,5.52,310908.00,392460.00,Externi,14/02/2022,17/02/2022,30/03/2022,24/03/2022,24/03/2022, 270797.40 ,28/03/2022,02/05/2022,28/07/2022,15/07/2022, 135398.70 ,21/07/2022,18/07/2022,21/07/2022,26.10.2022,,26/10/2022, 34857.00 ,30/10/2022,
134,Kyjov,PS,Pripojeni,5.52,288000.00,363230.00,Interni,14/02/2022,21/02/2022,31/03/2022,24/03/2022,24/03/2022, 250628.70 ,04/04/2022,,,04/10/2022, 125314.35 ,10/10/2022,18/10/2022,19/10/2022,04.01.2023,,, 41771.45 ,,
135,Říčany,"PS, WB",Ukonceno,7.36,329000.00,448602.00,Interni,01/02/2022,18/02/2022,20/03/2022,25/02/2022,02/03/2022, 309535.38 ,03/03/2022,13/06/2022,,16/09/2022, 154767.69 ,26/09/2022,01/08/2022,17/08/2022,15.11.2022,,16/11/2022, 51589.23 ,16/11/2022,
136,Klobouky u Brna ,,Ukonceno,7.36,338900.00,401250.00,Externi,17/02/2022,21/02/2022,06/04/2022,28/03/2022,30/03/2022, 276862.50 ,01/04/2022,02/05/2022,15/07/2022,15/07/2022, 138431.25 ,28/07/2022,27/07/2022,29/07/2022,20.10.2022,,21/10/2022, 46144.00 ,07/11/2022,
137,Hrušky,WB,Pripojeni,4.5,234000.00,297722.00,Interni,17/02/2022,21/02/2022,23/03/2022,17/03/2022,17/03/2022, 205428.18 ,19/03/2022,23/05/2022,21/06/2022,22/06/2022, 102714.09 ,27/06/2022,27/06/2022,18/11/2022,13.02.4536,,, 34238.03 ,,
138,Vřesovice,DŠ,Nerealizovano,,,,Interni,17/02/2022,,,,, - ,,,,, - ,,,,,,, - ,,
139,Břeclav,,Nerealizovano,7.36,327900.00,395710.00,Interni,22/02/2022,21/03/2022,,,, 273039.90 ,,,,, 136519.95 ,,,,,,, 45506.65 ,,
140,Zlín,PS,Ukonceno,3.68,203000.00,252265.00,Externi,22/02/2022,05/03/2022,29/03/2022,16/03/2022,18/03/2022, 174062.85 ,24/03/2022,06/06/2022,21/06/2022,18/03/2022, 87031.43 ,24/03/2022,23/06/2022,04/08/2022,13.10.2022,,, - ,,21/10/2022
141,Uherské Hradiště,,Nerealizovano,,,,Externi,27/02/2022,,,,, - ,,,,, - ,,,,,,, - ,,
142,Letohrad,,Nerealizovano,,,,Externi,23/02/2022,,,,, - ,,,,, - ,,,,,,, - ,,
143,Ratíškovice,,Pripojeni,4.05,194000.00,247579.00,Interni,23/02/2022,08/03/2022,22/04/2022,08/03/2022,11/03/2022, 170829.51 ,14/03/2022,25/04/2022,,19/07/2022, 85414.76 ,28/07/2022,19/07/2022,04/08/2022,05.12.2022,,, 28471.59 ,,
144,Mutěnice,,Odlozeno,7.36,327900.00,395710.00,Interni,28/02/2022,08/03/2022,,,, 273039.90 ,,,,, 136519.95 ,,,,,,, 45506.65 ,,
145,Drslavice,"dotace Míša, IK",Ukonceno,7.36,,398760.00,Interni,01/03/2022,01/04/2022,28/04/2022,27/04/2022,13/05/2022, 275144.40 ,17/05/2022,,,05/10/2022, 137572.20 ,11/10/2022,30/06/2022,20/09/2022,14.11.2022,14/11/2022,, 45857.40 ,,
146,Dolní Bojanovice,,Nerealizovano,,,,Externi,01/03/2022,08/03/2022,,,, - ,,,,, - ,,,,,,, - ,,
147,Podivín,,Nerealizovano,,,,Externi,01/03/2022,17/03/2022,,,, - ,,,,, - ,,,,,,, - ,,
148,Rohatec,,Nerealizovano,,,,Externi,01/03/2022,,,,, - ,,,,, - ,,,,,,, - ,,
149,Dolní Němčí,,Pripojeni,5.52,295100.00,360470.00,Interni,28/02/2022,23/03/2022,06/04/2022,04/04/2022,04/04/2022, 248724.30 ,11/04/2022,17/05/2022,,21/06/2022, 124362.15 ,29/06/2022,23/06/2022,04/08/2022,30.01.2023,,, 41454.05 ,,
150,Havřice,,Nerealizovano,,,,Interni,01/03/2022,,,,, - ,,,,, - ,,,,,,, - ,,
151,Beskydy,,Nerealizovano,,,,Interni,01/03/2022,,,,, - ,,,,, - ,,,,,,, - ,,
152,Uherský Brod,,Nerealizovano,,,,Interni,01/03/2022,08/03/2022,,,, - ,,,,, - ,,,,,,, - ,,
153,Komárov,,Nerealizovano,5.52,302800.00,370246.00,Interni,02/03/2022,08/03/2022,,,, 255469.74 ,,,,, 127734.87 ,,,,,,,42578.29,,
154,Osek,,Ukonceno,8.28,359800.00,439040.00,Interni,02/03/2022,09/03/2022,12/04/2022,24/03/2022,24/03/2022, 302938.00 ,15/05/2022,01/06/2022,25/07/2022,23/08/2022, 151468.80 ,24/08/2022,01/08/2022,05/09/2022,14.10.2022,,17/10/2022, 50489.00 ,20/10/2022,02/11/2022
155,Kařízek,,Nerealizovano,8.28,359800.00,439040.00,Interni,02/03/2022,08/03/2022,,,, 302937.60 ,,,,, 151468.80 ,,,,,,, 50489.60 ,,
156,Drslavice,WB,Ukonceno,9.66kWp,404600.00,486060.00,Interni,02/03/2022,08/03/2022,25/03/2022,16/03/2022,18/03/2022, 335381.40 ,26/04/2022,27/05/2022,,15/07/2022, 167690.70 ,17/07/2022,29/08/2022,29/08/2022,23.11.2022,23/11/2022,, 55897.00 ,,
157,Uherský Brod,,Nerealizovano,5.52,309581.00,377491.00,Interni,03/03/2022,,,,, 260468.79 ,,,,, 130234.40 ,,,,,,, 43411.47 ,,
158,Újezdec,,Nerealizovano,9.66,404600.00,486060.00,Interni,03/03/2022,11/03/2022,,,, 335381.40 ,,,,, 167690.70 ,,,,,,, 55896.90 ,,
159,Uherský Brod,,Nerealizovano,,,377491.00,Interni,03/03/2022,11/03/2022,,,, 260468.79 ,,,,, 130234.40 ,,,,,,, 43411.47 ,,
160,Viničné Šumice,,Nerealizovano,,,,Interni,07/03/2022,,,,, - ,,,,, - ,,,,,,, - ,,
161,Javorník,,Nerealizovano,9.66kWp,420768.00,524849.00,Interni,07/03/2022,10/06/2022,,,, 362145.81 ,,,,, 181072.91 ,,,,,,, 60357.64 ,,
162,,,Nerealizovano,,,,Externi,07/03/2022,,,,, - ,,,,, - ,,,,,,, - ,,
163,Zlín,PS,Pripojeni,5.52,294159.00,359546.00,Interni,08/03/2022,14/03/2022,04/04/2022,29/03/2022,04/04/2022, 260108.00 ,08/04/2022,,,06/10/2022, 113369.00 ,07/10/2022,20/10/2022,21/10/2022,,,, 40000.00 ,,
164,Vnorovy,,Nerealizovano,,,,Interni,02/03/2022,,,,, - ,,,,, - ,,,,,,, - ,,
165,Podivín,,Nepotvrzena_realizace,7.36,328000.00,395710.00,Interni,08/03/2022,04/04/2022,16/09/2022,,, 273039.90 ,,,,, 136519.95 ,,,,,,, 45506.65 ,,
166,Ořechov,,Nerealizovano,,,,Interni,08/03/2022,23/03/2022,,,, - ,,,,, - ,,,,,,, - ,,
167,Brno - Židenice,,Nerealizovano,,,,Interni,08/03/2022,,,,, - ,,,,, - ,,,,,,, - ,,
168,Bílovice,,Nerealizovano,6.44,304210.00,413762.00,Interni,08/03/2022,30/03/2022,,,, 285495.78 ,,,,, 142747.89 ,,,,,,, 47582.63 ,,
169,Šardice,,Nerealizovano,,,,Interni,09/03/2022,,,,, - ,,,,, - ,,,,,,, - ,,
170,Javorník,,Nerealizovano,,,,Interni,09/03/2022,,,,, - ,,,,, - ,,,,,,, - ,,
171,Kašperské hory,,R ,7.36,331914.00,403738.00,Interni,03/03/2022,14/03/2022,20/05/2022,10/05/2022,10/05/2022, 278579.22 ,25/07/2022,,,03/11/2022, 139289.61 ,,03/11/2022,,,,, 46429.87 ,,
172,Újezd u Brna,,Nerealizovano,,,,Interni,12/03/2022,01/01/2020,,,, - ,,,,, - ,,,,,,, - ,,
173,Čejkovice,,Nerealizovano,,,,Externi,14/03/2022,,,,, - ,,,,, - ,,,,,,, - ,,
174,,,Nerealizovano,,,,Externi,14/03/2022,,,,, - ,,,,, - ,,,,,,, - ,,
175,Mistřice,,Pripojeni,7.36,327900.00,395710.00,Interni,14/03/2022,17/03/2022,09/04/2022,04/04/2022,07/04/2022, 273039.90 ,13/04/2022,12/05/2022,08/07/2022,16/08/2022, 136519.95 ,23/08/2022,22/08/2022,26/10/2022,11.01.2023,,, 45506.65 ,,
176,Ratíškovice,,Odlozeno,5.52,229000.00,327000.00,Interni,14/03/2022,31/03/2022,,,, 225630.00 ,,,,, 112815.00 ,,,,,,, 37605.00 ,,
177,"Závod, SK","SK,IK",Odlozeno,5.52,310329.00,378464.00,Interni,16/03/2022,31/03/2022,,,, 261140.16 ,,,,, 130570.08 ,,,,,,, 43523.36 ,,
178,,,Nerealizovano,,,,Externi,15/03/2022,,,,, - ,,,,, - ,,,,,,, - ,,
179,,,Nerealizovano,,,,Externi,15/03/2022,,,,, - ,,,,, - ,,,,,,, - ,,
180,,,Nerealizovano,,,,Interni,17/03/2022,,,,, - ,,,,, - ,,,,,,, - ,,
181,"Bratislava,SK","IK,SK",Slovensko,9.66kWp, 10354.00 € , 12958.00 € ,Interni,17/03/2022,03/06/2022,26/07/2022,27/07/2022,10/08/2022, 8941.02 ,,,,, 4470.51 ,,,,,,, 1490.17 ,,
182,Bratislava,"IK,SK",Slovensko,6.44,184032.00,238034.00,Interni,18/03/2022,01/06/2022,,,, 164243.46 ,,,,, 82121.73 ,,,,,,, 27373.91 ,,
183,Hodonín,PS,Pripojeni,5.52,310700.00,378946.00,Interni,21/03/2022,29/03/2022,05/04/2022,31/03/2022,05/04/2022, 261472.74 ,06/04/2022,,,08/09/2022, 130736.37 ,08/09/2022,13/09/2022,19/19/2022,13.12.2022,,, 43578.79 ,,
184,Ostrava,Ptáček,R ,4.92,345315.00,421797.00,Interni,22/02/2022,31/03/2022,01/06/2022,,12/07/2022, 291039.93 ,12/07/2022,,,, 145519.97 ,,,,,,, 48506.66 ,,
185,Břeclav,IK,Pripojeni,9.66kWp, 406600.00 , 488560.00 ,Externi,23/03/2022,08/04/2022,09/05/2022,09/05/2022,09/05/2022, 337106.40 ,28/05/2022,,,21/09/2022, 168553.20 ,22/09/2022,17/07/2022,22/09/2022,,,, 56184.40 ,,
186,Hustopeče,IK,Nerealizovano,7.36,413200.00, 499460.00 ,Interni,23/03/2022,31/03/2022,,,, 344627.40 ,,,,, 172313.70 ,,,,,,, 57437.90 ,,
187,Čejkovice,,Pripojeni,7.36,327900.00,395710.00,Interni,23/03/2022,30/03/2022,05/05/2022,20/05/2022,22/06/2022, 273039.90 ,23/06/2022,,,16/09/2022, 136519.95 ,22/09/2022,01/11/2022,25/11/2022,,,, 45506.65 ,,
188,Moravská Nová Ves,,Ukonceno,6.44,317900.00,379310.00,Interni,24/03/2022,29/03/2022,20/02/2022,31/03/2022,31/03/2022, 261723.90 ,06/04/2022,11/05/2022,01/06/2022,02/06/2022, 130861.95 ,06/06/2022,08/06/2022,04/08/2022,25.11.2022,,, 43620.65 ,,
189,Rakvice,"PS, WB, IK",Pripojeni,7.82,,461437.00,Interni,24/03/2022,30/03/2022,26/04/2022,25/04/2022,25/04/2022, 321497.00 ,27/04/2022,27/04/2022,,21/10/2022, 156091.00 ,27/10/2022,,,,,, 53065.26 ,,
190,Dolní Břežany,WB,Pripojeni,7.36,373326.00,458474.00,Interni,24/03/2022,31/03/2022,10/05/2022,28/04/2022,23/05/2022, 330510.00 ,02/06/2022,02/06/2022,26/09/2022,29/09/2022, 148865.00 ,06/10/2022,23/09/2022,15/11/2022,3833891-2022,,, 47870.00 ,,
191,Dolní Břežany,IK,Pripojeni,5.4kWp, 311476.00 ,383177.00,Interni,24/03/2022,31/03/2022,28/04/2022,28/04/2022,28/04/2022, 264392.13 ,02/05/2022,02/05/2022,27/09/2022,29/09/2022, 132196.07 ,29/09/2022,23/09/2022,15/11/2022,3837944-2022,,, 44065.36 ,,
192,Drslavice,,Nerealizovano,,,,Interni,28/03/2022,30/03/2022,,,, - ,,,,, - ,,,,,,, - ,,
193,"Jalubí, Uherské Hradiště",,Nerealizovano,,,,Interni,21/03/2022,30/03/2022,,,, - ,,,,, - ,,,,,,, - ,,
194,Lanžhot,,Pripojeni,5.52,299600.00,363025.00,Interni,24/03/2022,06/04/2022,04/05/2022,06/05/2022,10/05/2022, 250487.25 ,15/06/2022,,,12/09/2022, 125243.63 ,19/09/2022,18/09/2022,21/09/2022,07.12.2022,,, 41747.88 ,,
195,Tlustice,,Pripojeni,7.36,347400.00,419595.00,Interni,31/03/2022,04/04/2022,17/05/2022,12/05/2022,01/06/2022, 289520.55 ,01/06/2022,,,21/10/2022, 144760.28 ,21/10/2022,19/09/2022,21/10/2022,,,, 48253.43 ,,
196,Komárov,,Nerealizovano,7.36,311500.00, 374706.00 ,Interni,31/03/2022,04/04/2022,,,, 258547.14 ,,,,, 129273.57 ,,,,,,, 43091.19 ,,
197,Osek,,Pripojeni,6.44,315795.00,381619.00,Interni,31/03/2022,04/04/2022,20/05/2022,10/05/2022,, 263317.11 ,30/05/2022,,,21/10/2022, 131658.56 ,25/10/2022,27/07/2022,21/10/2022,12.12.2022,,, 43886.19 ,,
198,Mutěnice,,Nerealizovano,7.36,333900.00,403310.00,Interni,31/03/2022,05/04/2022,,,, 278283.90 ,,,,, 139141.95 ,,,,,,, 46380.65 ,,
199,Šardice,IK,Pripojeni,7.36,329900.00,397710.00,Interni,31/03/2022,05/04/2022,07/04/2022,07/04/2022,07/04/2022, 274419.90 ,11/04/2022,11/05/2022,,21/09/2022, 137209.95 ,22/09/2022,06/07/2022,20/09/2022,27.12.2022,,, 45736.65 ,,
200,Lednice,IK,Nerealizovano,6.44,306800.00,372025.00,Interni,31/03/2022,05/04/2022,,,, 256697.25 ,,,,, 128348.63 ,,,,,,, 42782.88 ,,
201,Břeclav,,Nerealizovano,6.9,,467720.00,Interni,31/03/2022,11/05/2022,,,, 322726.80 ,,,,, 161363.40 ,,,,,,, 53787.80 ,,
202,Hrušky,,Nerealizovano,5.52,, 376200.00 ,Externi,31/03/2022,09/05/2022,,,, 259578.00 ,,,,, 129789.00 ,,,,,,, 43263.00 ,,
203,Polička,,Nerealizovano,,,,Interni,31/03/2022,07/04/2022,03/05/2022,,, - ,,,,, - ,,,,,,, - ,,
204,Břeclav,,Nerealizovano,9.66kWp,457789.00,567867.00,Interni,02/04/2022,11/05/2022,,,, 391828.23 ,,,,, 195914.12 ,,,,,,, 65304.71 ,,
205,"Přítluky, okr. Břeclav",,Nerealizovano,9.66kWp,660900.00,577619.00,Interni,04/04/2022,11/05/2022,,,, 398557.11 ,,,,, 199278.56 ,,,,,,, 66426.19 ,,
206,Břeclav,,Nerealizovano,7.36,329900.00,398910.00,Interni,05/04/2022,06/04/2022,,,, 275247.90 ,,,,, 137623.95 ,,,,,,, 45874.65 ,,
207,Hodonín,IK,Pripojeni,5.52,300000.00,363025.00,Interni,05/04/2022,06/04/2022,12/04/2022,11/04/2022,11/04/2022, 250487.25 ,13/04/2022,08/06/2022,,21/09/2022, 125243.63 ,22/09/2022,30/06/2022,07/10/2022,958357,,, 41747.88 ,,
208,Lanžhot,JG,Nerealizovano,5.52, 309676.00 ,373686.00,Interni,05/04/2022,08/04/2022,,,, 257843.34 ,,,,, 128921.67 ,,,,,,, 42973.89 ,,
209,Čejč,DŠ,Nerealizovano,8.28,352414.00,438437.00,Interni,31/03/2022,07/04/2022,28/07/2022,,, 302521.53 ,,,,, 151260.77 ,,,,,,, 50420.26 ,,
210,Brno,,Nerealizovano,,,,Interni,02/04/2022,01/01/2020,,,, - ,,,,, - ,,,,,,, - ,,
211,Slavkov u Brna,,Nerealizovano,,,,Interni,02/04/2022,,,,, - ,,,,, - ,,,,,,, - ,,
212,Červená u Kašperských Hor,IK,Pripojeni,5.52,309716.00,377449.00,Interni,31/03/2022,08/04/2022,08/06/2022,09/06/2022,04/07/2022, 260439.81 ,,,,, 130219.91 ,,,,,,, 43406.64 ,,
213,Brno,"WB, IK",Pripojeni,10.64kWp,384183.00,416751.00,Interni,31/03/2022,13/04/2022,06/10/2022,09/05/2022,23/05/2022, 287558.19 ,23/05/2022,25/05/2022,,30/06/2022, 143779.10 ,27/07/2022,06/06/2022,25/07/2022,16.09.2022,,, 47926.37 ,,
214,Valtice,,Odlozeno,,,,Externi,07/04/2022,,,,, - ,,,,, - ,,,,,,, - ,,
215,Moravská Nová Ves,,Odlozeno,,,,Interni,07/04/2022,,,,, - ,,,,, - ,,,,,,, - ,,
216,Břeclav,,Pripojeni,3.68,195800.00,244525.00,Interni,11/04/2022,14/04/2022,19/05/2022,10/05/2022,10/05/2022, 168722.25 ,15/05/2022,,,20/09/2022, 84361.13 ,20/09/2022,,,,,, 28120.38 ,,
217,Břeclav,,Pripojeni,6.44,308800.00,374645.00,Interni,11/04/2022,14/04/2022,02/06/2022,10/05/2022,10/05/2022, 258505.05 ,13/05/2022,,,12/09/2022, 129252.53 ,15/09/2022,12/09/2022,21/09/2022,870726,,, 43000.00 ,,
218,Chlustina,,Ukonceno,9.6kWp,458864.00,503334.00,Interni,11/04/2022,14/04/2022,24/04/2022,09/05/2022,09/05/2022, 347300.00 ,07/06/2022,30/05/2022,17/06/2022,19/07/2022, 173650.23 ,20/10/2022,25/07/2022,12/08/2022,19.09.2022,,11/10/2022, 57885.00 ,20/10/2022,31/10/2022
219,Rozdrojovice,PS,Pripojeni,7.36,339684.00,408878.00,Interni,12/04/2022,14/04/2022,07/06/2022,25/05/2022,15/06/2022, 282125.82 ,21/06/2022,15/06/2022,,05/10/2022, 141062.91 ,06/10/2022,18/10/2022,22/11/2022,,,, 47020.97 ,,
220,Ostrava,LM,Nerealizovano,6.44, 322500.00 , 391655.00 ,Interni,13/04/2022,15/04/2022,,,, 270241.95 ,,,,, 135120.98 ,,,,,,, 45040.33 ,,
221,Hlásná Třebaň,IK,Pripojeni,6.9, 325300.00 ,395535.00,Interni,13/04/2022,15/04/2022,05/05/2022,28/04/2022,02/05/2022, 272919.15 ,03/05/2022,,,27/09/2022, 136460.00 ,10/10/2022,20/09/2022,21/10/2022,23.11.2022,,, 45486.00 ,,
222,Orlová-Lutyně,IK,R ,9.66kWp,418181.00,505254.00,Interni,13/04/2022,14/04/2022,25/05/2022,23/05/2022,21/06/2022, 348625.26 ,22/06/2022,,,, 174312.63 ,,,,,,, 58104.21 ,,
223,Lanžhot,,Nerealizovano,5.52,299600.00,363025.00,Interni,11/04/2022,14/04/2022,,,, 250487.25 ,,,,, 125243.63 ,,,,,,, 41747.88 ,,
224,Rpety,,Pripojeni,16,634601.00,742183.00,Interni,14/04/2022,14/04/2022,27/07/2022,17/05/2022,16/06/2022, 445354.00 ,16/06/2022,,,12/09/2022, 322806.00 ,13/09/2022,26/07/2022,,,,, 85351.05 ,,
225,Hlásná Třebaň,,Nerealizovano,,,,Interni,14/04/2022,,,,, - ,,,,, - ,,,,,,, - ,,
226,Terezín,,Pripojeni,5.52,307700.00,372300.00,Interni,18/04/2022,12/05/2022,06/06/2022,08/06/2022,15/07/2022, 256887.00 ,18/07/2022,,,, 128443.50 ,,26/09/2022,07/10/2022,,,, 42814.50 ,,
227,Drslavice,,Nerealizovano,,,,Interni,18/04/2022,,,,, - ,,,,, - ,,,,,,, - ,,
228,Kunovice,LM,Nerealizovano,,,,Interni,18/04/2022,01/01/2020,,,, - ,,,,, - ,,,,,,, - ,,
229,Ostrava,,Odlozeno,7.36,333840.00,406790.00,Interni,18/04/2022,20/04/2022,,,, 280685.10 ,,,,, 140342.55 ,,,,,,, 46780.85 ,,
230,Hýsly,,Nerealizovano,5.52,299600.00,417479.00,Interni,26/04/2022,26/04/2022,19/04/2022,,, 288060.51 ,,,,, 144030.26 ,,,,,,, 48010.09 ,,
231,Rohatec,"PS, WB",Pripojeni,9.66kWp,408808.00,465204.00,Interni,19/04/2022,23/04/2022,26/04/2022,20/04/2022,11/05/2022, 320990.76 ,16/05/2022,,,04/10/2022, 160495.38 ,06/10/2022,17/10/2022,24/10/2022,,,, 53498.46 ,,
232,Vnorovy,IK,R ,6.44,308350.00,378125.00,Interni,19/04/2022,01/01/2020,09/05/2022,,01/08/2022, 260906.25 ,12/08/2022,,,, 130453.13 ,,,,,,, 43484.38 ,,
233,Blansko,,Pripojeni,5.52,301590.00,367005.00,Interni,21/04/2022,25/04/2022,26/05/2022,04/05/2022,13/05/2022, 253234.00 ,17/05/2022,,,02/09/2022, 126617.00 ,05/09/2022,15/09/2022,19/09/2022,23.11.2022,,, 42205.00 ,,
234,Opatovice,,Pripojeni,8.74,365 820 00,448080.00,Interni,21/04/2022,25/04/2022,10/05/2022,20/05/2022,09/05/2022, 309175.20 ,13/05/2022,,,12/09/2022, 154587.60 ,30/09/2022,17/10/2022,24/10/2022,,,, 51529.20 ,,
235,Nesovice,DŠ,Ukonceno,baterie + revize,,8760.00,Interni,21/04/2022,02/05/2022,,,13/05/2022, 6044.40 ,18/05/2022,01/06/2022,01/06/2022,17/06/2022, 3022.20 ,05/08/2022,,,,,,,,
236,Znojmo,,Nerealizovano,,,,Interni,,,,,, - ,,,,, - ,,,,,,, - ,,
237,Znojmo,,Nerealizovano,,,,Interni,,,,,, - ,,,,, - ,,,,,,, - ,,
238,Šardice,,Nepotvrzena_realizace,9.66,315785.00,380003.00,Interni,19/04/2022,30/05/2022,13/06/2022,,, 262202.07 ,,,,, 131101.04 ,,,,,,, 43700.35 ,,
239,Mutěnice,DŠ,Nerealizovano,9.66,277000.00,343075.00,Interni,19/04/2022,13/05/2022,,,, 236721.75 ,,,,, 118360.88 ,,,,,,, 39453.63 ,,
240,,SK,Nerealizovano,5.52, 312929.00 , 381504.00 ,Interni,19/04/2022,18/05/2022,,,, 263237.76 ,,,,, 131618.88 ,,,,,,, 43872.96 ,,
241,Mistřice,,Nerealizovano,7.36,,501337.00,Interni,28/04/2022,11/05/2022,,,, 345922.53 ,,,,, 172961.27 ,,,,,,, 57653.76 ,,
242,Přítluky,,Nerealizovano,9.66kWp,,577619.00,Interni,07/04/2022,11/05/2022,,,, 398557.11 ,,,,, 199278.56 ,,,,,,, 66426.19 ,,
243,Sobůlky,,Nerealizovano,3.68,192800.00,240625.00,Interni,02/05/2022,09/05/2022,,,, 166031.25 ,,,,, 83015.63 ,,,,,,, 27671.88 ,,
244,Břeclav,,Nerealizovano,,,,Externi,02/05/2022,11/05/2022,,,, - ,,,,, - ,,,,,,, - ,,
245,Svatobořice-Mistřín,,Nerealizovano,,,,Externi,28/04/2022,,,,, - ,,,,, - ,,,,,,, - ,,
246,Tvrdonice,ET,Nerealizovano,,,,Externi,,,,,, - ,,,,, - ,,,,,,, - ,,
247,Předboj,,Odlozeno,8.28,375985.00,473136.00,Interni,03/05/2022,11/05/2022,,,, 326463.84 ,,,,, 163231.92 ,,,,,,, 54410.64 ,,
248,Topolná,,Nerealizovano,,,,Externi,03/05/2022,,,,, - ,,,,, - ,,,,,,, - ,,
249,,,Nerealizovano,,,,Interni,03/05/2022,,,,, - ,,,,, - ,,,,,,, - ,,
250,,,Nerealizovano,,,,Externi,03/05/2022,,,,, - ,,,,, - ,,,,,,, - ,,
251,Hýsly,ET 10,R ,8.28,377868.00,462650.00,Interni,03/05/2022,25/07/2022,22/08/2022,,05/09/2022, 319229.00 ,07/09/2022,,,, 159614.25 ,,,mikrozdroj,,,, 53204.75 ,,
252,Kyjov,,Nerealizovano,,,,Externi,03/05/2022,01/01/2020,,,, - ,,,,, - ,,,,,,, - ,,
253,Povazská Bystrica,IK,Odlozeno,5.52,447404.00,378708.00,Externi,03/05/2022,11/05/2022,,,, 261308.52 ,,,,, 130654.26 ,,,,,,, 43551.42 ,,
254,Milotice,,Nerealizovano,,,,Externi,03/05/2022,,,,, - ,,,,, - ,,,,,,, - ,,
255,Ostrožská N. Ves,,Nerealizovano,9.66kWp,610200.00,511645.00,Externi,03/05/2022,13/05/2022,,,, 353035.05 ,,,,, 176517.53 ,,,,,,, 58839.18 ,,
256,Chmeliště,,Nerealizovano,,,,Externi,03/05/2022,,,,, - ,,,,, - ,,,,,,, - ,,
257,Dýšina u Plzně,,Nerealizovano,5.52,306540.00,383088.00,Externi,19/04/2022,06/06/2022,,,, 264330.72 ,,,,, 132165.36 ,,,,,,, 44055.12 ,,
258,Chlum-Korouhvice,IK,Odlozeno,,,,Externi,03/05/2022,,,,, - ,,,,, - ,,,,,,, - ,,
259,Vnorovy,,Nerealizovano,5.52,296550.00,372300.00,Externi,03/05/2022,23/05/2022,,,, 256887.00 ,,,,, 128443.50 ,,,,,,, 42814.50 ,,
260,Radějov,,Nerealizovano,5.52,444200.00,372300.00,Interni,03/05/2022,09/05/2022,,,, 256887.00 ,,,,, 128443.50 ,,,,,,, 42814.50 ,,
261,Prušánky,,Nerealizovano,8.28,488800.00,424230.00,Interni,03/05/2022,09/05/2022,,,, 292718.70 ,,,,, 146359.35 ,,,,,,, 48786.45 ,,
262,Brno,Ptáček,Pripojeni,7.6,316248.00,337550.00,Interni,01/05/2022,10/05/2022,,13/05/2022,20/05/2022, 232909.50 ,25/05/2022,,,29/08/2022, 116454.75 ,02/09/2022,23/08/2022,19/09/2022,29.11.2022,,, 38818.25 ,,
263,Uherský Brod,,Ukonceno,2.76, 47768.00 , 61398.00 ,Interni,10/04/2022,02/05/2022,,,13/05/2022, 42364.62 ,23/05/2022,25/05/2022,26/05/2022,, 21182.31 ,,27/05/2022,06/06/2022,08.08.2022,08/08/2022,, - ,,
264,Ratíškovice,"JH, DŠ",Odlozeno,,,,Interni,09/05/2022,01/01/2020,,,, - ,,,,, - ,,,,,,, - ,,
265,Křešín,WB,R ,8.28, 369750.00 , 466442.00 ,Interni,09/05/2022,11/05/2022,30/05/2022,16/05/2022,17/05/2022, 321844.98 ,10/06/2022,,,, 160922.49 ,,,,,,, 53640.83 ,,
266,Mikulov,,Odeslana_CN,6.44, 336309.00 , 423682.00 ,Interni,09/05/2022,12/05/2022,16/09/2022,,, 292340.58 ,,,,, 146170.29 ,,,,,,, 48723.43 ,,
267,Mikulov,,Nerealizovano,3.68, 192772.00 , 240569.00 ,Interni,09/05/2022,12/05/2022,,,, 165992.61 ,,,,, 82996.31 ,,,,,,, 27665.44 ,,
268,Prušánky,,Nerealizovano,9.2kWp,, 488820.00 ,Interni,09/05/2022,12/05/2022,,,, 337285.80 ,,,,, 168642.90 ,,,,,,, 56214.30 ,,
269,"Chorvatský Grob, SK","TČ, SK",Nerealizovano,9.66kWp, 276014.00 , 347783.00 ,Interni,10/05/2022,01/06/2022,,,, 239970.27 ,,,,, 119985.14 ,,,,,,, 39995.05 ,,
270,"Nitra, SK","TČ, SK",Odlozeno,7.36, 212524.00 , 274743.00 ,Interni,10/05/2022,03/06/2022,,,, 189572.67 ,,,,, 94786.34 ,,,,,,, 31595.45 ,,
271,Ladná,IK,Nerealizovano,7.36, 479100.00 , 411811.00 ,Interni,10/05/2022,13/05/2022,,,, 284149.59 ,,,,, 142074.80 ,,,,,,, 47358.27 ,,
272,Ladná,IK,Nerealizovano,8.28, 360305.00 , 455152.00 ,Interni,10/05/2022,25/05/2022,,,, 314054.88 ,,,,, 157027.44 ,,,,,,, 52342.48 ,,
273,Břeclav,,Odlozeno,6.44, 319864.00 , 403074.00 ,Interni,10/05/2022,03/06/2022,,,, 278121.06 ,,,,, 139060.53 ,,,,,,, 46353.51 ,,
274,Terezín,,Pripojeni,7.36, 307700.00 , 385870.00 ,Interni,10/05/2022,12/05/2022,06/06/2022,08/06/2022,15/07/2022, 266250.30 ,18/07/2022,,,22/09/2022, 133125.15 ,26/09/2022,26/09/2022,26/09/2022,,,, 44375.05 ,,
275,Brno,,Nerealizovano,,,,Interni,10/05/2022,,,,, - ,,,,, - ,,,,,,, - ,,
276,,,Nerealizovano,,,,Externi,04/05/2022,,,,, - ,,,,, - ,,,,,,, - ,,
277,Klimkovice,,Nerealizovano,9.66, 361300.00 , 446770.00 ,Externi,05/05/2022,06/06/2022,,,, 308271.30 ,,,,, 154135.65 ,,,,,,, 51378.55 ,,
278,Moravská Nová Ves,ET 10,Odlozeno,5.52, 296550.00 , 372300.00 ,Externi,10/05/2022,31/05/2022,,,, 256887.00 ,,,,, 128443.50 ,,,,,,, 42814.50 ,,
279,Smržice,IK,Odlozeno,3.68, 194180.00 , 243385.00 ,Interni,06/05/2022,13/05/2022,,,, 167935.65 ,,,,, 83967.83 ,,,,,,, 27989.28 ,,
280,Vlkoš,IK,Odlozeno,5.52, 444200.00 , 372300.00 ,Interni,10/05/2022,13/05/2022,,,, 256887.00 ,,,,, 128443.50 ,,,,,,, 42814.50 ,,
281,Brno - Židenice,,Nerealizovano,7.36, 479100.00 , 411870.00 ,Interni,10/05/2022,13/05/2022,,,, 284190.30 ,,,,, 142095.15 ,,,,,,, 47365.05 ,,
282,Rejštejn,IK,Storno_zakazky,5.06kWp, 304700.00 , 383975.00 ,Interni,10/05/2022,24/05/2022,01/07/2022,04/08/2022,18/08/2022, 264942.75 ,14/09/2022,,,, 132471.38 ,,,,,,, 44157.13 ,,
283,Kašperské hory,IK,Ukonceno,6.44, 313440.00 , 391718.00 ,Interni,10/05/2022,24/05/2022,28/06/2022,13/06/2022,20/07/2022, 270285.42 ,21/07/2022,,,, 135142.71 ,,,,,,, 45047.57 ,,
284,Stachy,,Nerealizovano,9.66kWp, 411950.00 , 503515.00 ,Interni,10/05/2022,24/05/2022,,,, 347425.35 ,,,,, 173712.68 ,,,,,,, 57904.23 ,,
285,Ratíškovice,IK,Pripojeni,5.52, 292350.00 , 367260.00 ,Interni,10/05/2022,13/05/2022,31/05/2022,27/05/2022,30/06/2022, 256887.00 ,07/07/2022,,,16/09/2022, 122647.00 ,21/09/2022,04/10/2022,05/10/2022,,,, 42815.00 ,,
286,Ratíškovice,,Pripojeni,5.52, 261350.00 , 330060.00 ,Interni,10/05/2022,13/05/2022,30/05/2022,27/05/2022,30/06/2022, 256887.00 ,30/06/2022,,,10/10/2022, 92012.00 ,17/10/2022,27/10/2022,07/11/2022,,,, 30670.00 ,,
287,Drahelčice,,Nerealizovano,8.74, 500144.00 , 439621.00 ,Interni,10/05/2022,13/05/2022,,,, 303338.49 ,,,,, 151669.25 ,,,,,,, 50556.42 ,,
288,Drahelčice,,Nerealizovano,4.6kWp, 289550.00 , 363550.00 ,Interni,10/05/2022,23/05/2022,,,, 250849.50 ,,,,, 125424.75 ,,,,,,, 41808.25 ,,
289,Nenkovice ,IK,Odlozeno,8.28, 337400.00 , 424230.00 ,Interni,11/05/2022,18/05/2022,,,, 292718.70 ,,,,, 146359.35 ,,,,,,, 48786.45 ,,
290,,,Nerealizovano,,,,Externi,10/05/2022,,,,, - ,,,,, - ,,,,,,, - ,,
291,Lanžhot,,Nerealizovano,,,,Externi,15/05/2022,,,,, - ,,,,, - ,,,,,,, - ,,
292,Čakovičky,,Nerealizovano,7.36,338200.00,426870.00,Externi,13/05/2022,25/05/2022,,,, 294540.30 ,,,,, 147270.15 ,,,,,,, 49090.05 ,,
293,Ratíškovice,,Nerealizovano,,,,Externi,11/05/2022,02/06/2022,,,, - ,,,,, - ,,,,,,, - ,,
294,Planá,,Nerealizovano,8.28,350900.00,443730.00,Externi,16/05/2022,24/05/2022,,,, 306173.70 ,,,,, 153086.85 ,,,,,,, 51028.95 ,,
295,Rakvice,,Nerealizovano,,,,Externi,16/05/2022,01/01/2020,,,, - ,,,,, - ,,,,,,, - ,,
296,Ratíškovice,,Nepotvrzena_realizace,,,,Interni,17/05/2022,,"23/08/2022, 22/11/2022",,, - ,,,,, - ,,,,,,, - ,,
297,Skalice n. Svitavou,IK,Ukonceno,5.06kWp, 296029.00 ,373239.00,Interni,17/05/2022,25/05/2022,13/06/2022,14/06/2022,13/07/2022, 257534.91 ,25/07/2022,,,, 128767.46 ,,,,,,, 42922.49 ,,
298,Drnovice,IK,R ,7.36, 329752.00 , 415974.00 ,Interni,17/05/2022,25/05/2022,15/06/2022,15/06/2022,13/07/2022, 287022.06 ,01/08/2022,,,, 143511.03 ,,,,,,, 47837.01 ,,
299,,,Nerealizovano,,,,Interni,17/05/2022,,,,, - ,,,,, - ,,,,,,, - ,,
300,Kyjov-Nětčice,,Nerealizovano,,,,Interni,17/05/2022,,,,, - ,,,,, - ,,,,,,, - ,,
301,Vlkoš,,Nepotvrzena_realizace,6.66,,,Interni,17/05/2022,,13/07/2022,,, - ,,,,, - ,,,,,,, - ,,
302,Čejkovice,"JH,IK",Nerealizovano,,,,Externi,18/05/2022,01/01/2020,,,, - ,,,,, - ,,,,,,, - ,,
303,Polešovice-TČ,,Odlozeno,9.66kWp, 402350.00 , 493195.00 ,Interni,19/05/2022,26/05/2022,,,, 340304.55 ,,,,, 170152.28 ,,,,,,, 56717.43 ,,
304,Kyjov - Nětčice,,Nerealizovano,,,,Interni,19/05/2022,01/01/2020,,,, - ,,,,, - ,,,,,,, - ,,
305,Adamov,N,Nerealizovano,,,,Externi,22/05/2022,01/01/2020,,,, - ,,,,, - ,,,,,,, - ,,
306,Pohořelice,,Nerealizovano,,,,Externi,22/05/2022,01/01/2020,,,, - ,,,,, - ,,,,,,, - ,,
307,Hýsly,,Pripojeni,7.36,327700.00,411870.00,Interni,22/05/2022,23/05/2022,22/07/2022,14/06/2022,02/08/2022, 284190.30 ,09/08/2022,,,17/10/2022, 142095.15 ,24/10/2022,24/10/2022,není,není,,07/11/2022, 47366.00 ,,
308,Červený Kostelec,,Odlozeno,,,,Externi,22/05/2022,,,,, - ,,,,, - ,,,,,,, - ,,
309,Olbramice,DŠ,Odlozeno,,,,Interni,23/05/2022,,,,, - ,,,,, - ,,,,,,, - ,,
310,Karlovice,,Nerealizovano,8.19,463036.00,551799.00,Interni,24/05/2022,03/06/2022,,,, 380741.31 ,,,,, 190370.66 ,,,,,,, 63456.89 ,,
311,Terezín,,Nerealizovano,9.5kWp, 359594.00 , 442192.00 ,Interni,24/05/2022,24/05/2022,,,, 305112.48 ,,,,, 152556.24 ,,,,,,, 50852.08 ,,
312,"Znojmo, Palliardiho",Growatt,Pripojeni,4.74,358291.00,429825.00,Interni,24/05/2022,25/05/2022,25/07/2022,26/08/2022,09/09/2022, 305549.00 ,12/09/2022,,,14/10/2022, 141562.00 ,17/10/2022,25/10/2022,04/11/2022,,,, 47187.00 ,,
313,Vnorovy,IK,Odlozeno,,,,Externi,18/05/2022,,,,,,,,,, - ,,,,,,, - ,,
314,Hřivínův Újezd,,Nerealizovano,,,,Externi,24/05/2022,01/01/2020,,,, - ,,,,, - ,,,,,,, - ,,
315,Čejč,IK,Nerealizovano,9.66kWp, 402350.00 , 493195.00 ,Interni,23/05/2022,25/05/2022,,,, 340304.55 ,,,,, 170152.28 ,,,,,,, 56717.43 ,,
316,Zlín,,Nerealizovano,7.36, 329900.00 , 397410.00 ,Interni,26/05/2022,07/05/2022,,,, 274212.90 ,,,,, 137106.45 ,,,,,,, 45702.15 ,,
317,Píšť-Ostrava,LM,Odlozeno,,,,Externi,26/05/2022,,,,, - ,,,,, - ,,,,,,, - ,,
318,Vranovice,LM,Nerealizovano, ,,,Externi,26/05/2022,,,,, - ,,,,, - ,,,,,,, - ,,
319,Hlincová Hora,IK,Ukonceno,9.66, 452388.00 , 554767.00 ,Interni,26/05/2022,31/05/2022,01/07/2022,20/06/2022,30/06/2022, 382789.23 ,04/07/2022,,,, 191394.62 ,,,,,,, 63798.21 ,,
320,Jivno,IK,R ,9.66kWp, 431067.00 , 529153.00 ,Interni,26/05/2022,31/05/2022,28/06/2022,13/06/2022,30/06/2022, 365115.57 ,04/07/2022,,,, 182557.79 ,,,,,,, 60852.60 ,,
321,Blatno u Chomutova,N,Nerealizovano,8.28,342980.00,431850.00,Externi,27/05/2022,31/05/2022,,,, 297976.50 ,,,,, 148988.25 ,,,,,,, 49662.75 ,,
322,"Velešovice, okr. Vyškov","JH, DŠ",Nerealizovano,9.2kWp,,496730.00,Interni,30/05/2022,01/01/2020,04/08/2022,,, 342743.70 ,,,,, 171371.85 ,,,,,,, 57123.95 ,,
323,Klobouky u Brna ,,Nerealizovano,,,,Interni,30/05/2022,01/01/2020,,,, - ,,,,, - ,,,,,,, - ,,
324,"Hodonín,Rybáře",LM,Nerealizovano,4.6kWp,304120.00,377868.00,Externi,31/05/2022,12/08/2022,,,, 260728.92 ,,,,, 130364.46 ,,,,,,, 43454.82 ,,
325,Líbeznice,IK,Nerealizovano,4.14kWp, 293765.00 , 369076.00 ,Interni,31/05/2022,07/06/2022,,,, 254662.44 ,,,,, 127331.22 ,,,,,,, 42443.74 ,,
326,Řepčice-Velké Popovice,"ET 10, IK",Ukonceno,9.66kWp, 430235.00 , 527905.00 ,Interni,31/05/2022,07/06/2022,26/08/2022,,, 364254.45 ,,,,, 182127.23 ,,,,,,, 60709.08 ,,
327,Hodonín,"TČ,WB",Odlozeno,5.98,348372.00,432864.00,Interni,01/06/2022,07/09/2022,,,, 298676.16 ,,,,, 149338.08 ,,,,,,, 49779.36 ,,
328,Podivín,,Ukonceno,9.66,405058.00,486780.00,Interni,02/06/2022,03/06/2022,03/08/2022,13/09/2022,16/09/2022, 335878.20 ,21/09/2022,,,, 167939.10 ,,,,,,, 55979.70 ,,
329,Milotice,IK,Odeslana_CN,7.36, 356348.00 , 449865.00 ,Interni,02/06/2022,10/06/2022,,,, 310406.85 ,,,,, 155203.43 ,,,,,,, 51734.48 ,,
330,Cheb,LM,Nerealizovano,4.6kWp,213000.00,267420.00,Externi,25/05/2022,07/06/2022,,,, 184519.80 ,,,,, 92259.90 ,,,,,,, 30753.30 ,,
331,Hodonín,,Nerealizovano,,,,Externi,25/05/2022,,,,, - ,,,,, - ,,,,,,, - ,,
332,Kyjov,"ET 10, IK",Pripojeni,7.82, 250312.00 , 318037.00 ,Interni,31/05/2022,07/06/2022,18/08/2022,15/08/2022,22/09/2022, 219445.53 ,05/10/2022,,,16/11/2022, 109722.77 ,,,,,,, 36574.26 ,,
333,Velká nad Veličkou,TČ,Nerealizovano,8.28, 363913.87 , 456087.00 ,Externi,07/06/2022,10/06/2022,,,, 314700.03 ,,,,, 157350.02 ,,,,,,, 52450.01 ,,
334,"Bratislava,SK","SK,IK",Slovensko,8.28, 259936.00 , 337676.00 ,Interni,09/06/2022,14/06/2022,,,, 232996.44 ,,,,, 116498.22 ,,,,,,, 38832.74 ,,
335,Bzová,,Nerealizovano,,,,Interni,09/06/2022,01/01/2020,,,, - ,,,,, - ,,,,,,, - ,,
336,Polešovice,IK,Nerealizovano,7.36, 379259.00 , 478954.00 ,Interni,09/06/2022,01/01/2020,,,, 330478.26 ,,,,, 165239.13 ,,,,,,, 55079.71 ,,
337,"Bratislava,SK",SK,Nerealizovano,,,,Interni,13/06/2022,,,,, - ,,,,, - ,,,,,,, - ,,
338,Násedlovice,LM,Odlozeno,7.36,351900.00, 438377.00 ,Interni,13/06/2022,16/06/2022,,,, 302480.13 ,,,,, 151240.07 ,,,,,,, 50413.36 ,,
339,Podivín,,Nerealizovano,9.66, 366179.00 , 460771.00 ,Externi,14/06/2022,15/06/2022,,,, 317931.99 ,,,,, 158966.00 ,,,,,,, 52988.67 ,,
340,"Bratislava,SK","IK,SK",Slovensko,5.52, 207244.00 , 268737.00 ,Interni,14/06/2022,14/06/2022,02/08/2022,,, 185428.53 ,,,,, 92714.27 ,,,,,,, 30904.76 ,,
341,"Láb,SK","SK,IK",Odlozeno,9.66, 10 050 EUR , 13 013 EUR ,Interni,14/06/2022,28/06/2022,,,,#VALUE!,,,,,#VALUE!,,,,,,,#VALUE!,,
342,"Podhajská,SK","IK,SK",Slovensko,9.66kWp, 10635 EUR , 13556EUR ,Interni,14/06/2022,01/07/2022,,,,#VALUE!,,,,,#VALUE!,,,,,,,#VALUE!,,
343,Prachov u Jičína,IK,Odeslana_CN,7.29, 391405.00 , 480176.00 ,Interni,15/06/2022,24/11/2022,,,, 331321.44 ,,,,, 165660.72 ,,,,,,, 55220.24 ,,
344,Terezín,,Nerealizovano,5.52, 321547.00 , 405168.00 ,Interni,15/06/2022,15/06/2022,,,, 279565.92 ,,,,, 139782.96 ,,,,,,, 46594.32 ,,
345,Němčice nad Hanou,,Ukonceno,6.44, 321054.00 , 405149.00 ,Interni,13/06/2022,16/06/2022,13/07/2022,03/08/2022,11/08/2022, 279552.81 ,12/08/2022,,,, 139776.41 ,,,,,,, 46592.14 ,,
346,Břeclav,,Nerealizovano,5.52, 345345.00 , 436920.00 ,Externi,15/06/2022,17/06/2022,,,, 301474.80 ,,,,, 150737.40 ,,,,,,, 50245.80 ,,
347,Vysoký Újezd,,Ukonceno,9.66,402702.00,501094.00,Interni,16/06/2022,20/06/2022,21/10/2022,,, 345754.86 ,,,,, 172877.43 ,,,,,,, 57625.81 ,,
348,Hostěnice,,R ,5.52, 283284.00 , 348088.00 ,Interni,17/06/2022,17/06/2022,07/07/2022,27/07/2022,02/08/2022, 240180.72 ,03/08/2022,,,, 120090.36 ,,,,,,, 40030.12 ,,
349,Březová,,Nerealizovano,,,,Interni,17/06/2022,23/06/2022,,,, - ,,,,, - ,,,,,,, - ,,
350,Hrušky,LM,Nerealizovano,8.28,,494000.00,Externi,20/06/2022,15/07/2022,,,, 340860.00 ,,,,, 170430.00 ,,,,,,, 56810.00 ,,
351,Valtice,LM,Nerealizovano,9.66,384860.00,485825.00,Externi,20/06/2022,23/06/2022,,,, 335219.25 ,,,,, 167609.63 ,,,,,,, 55869.88 ,,
352,Blansko,LM,Nerealizovano,,,,Externi,21/06/2022,,,,, - ,,,,, - ,,,,,,, - ,,
353,Šardice,LM,Nerealizovano,9.66,420333.00,522172.00,Externi,21/06/2022,28/06/2022,,,, 360298.68 ,,,,, 180149.34 ,,,,,,, 60049.78 ,,
354,Rohatec,,Nerealizovano,7.36,343085.00,431610.00,Externi,15/06/2022,23/06/2022,,,, 297810.90 ,,,,, 148905.45 ,,,,,,, 49635.15 ,,
355,Rohatec,LM,Nerealizovano,8.28,369648.00,461570.00,Externi,03/06/2022,22/07/2022,,,, 318483.30 ,,,,, 159241.65 ,,,,,,, 53080.55 ,,
356,Rohatec,"TČ,LM",Nerealizovano,,,,Externi,03/06/2022,,,,, - ,,,,, - ,,,,,,, - ,,
357,"Hrubá Borša, SK","IK,SK",Slovensko,9.66, 10 080 EUR , 13 028 EUR ,Interni,21/06/2022,28/06/2022,26/07/2022,,,#VALUE!,,,,,#VALUE!,,,,,,,#VALUE!,,
358,,"SK,IK",Nerealizovano,6.44, 9024EUR , 11506EUR ,Interni,21/06/2022,07/07/2022,,,,#VALUE!,,,,,#VALUE!,,,,,,,#VALUE!,,
359,Rabštejn,ET 10,R ,7.36,376290.00,454444.00,Interni,14/06/2022,01/07/2022,13/09/2022,,12/09/2022, 313566.00 ,14/09/2022,,,, 156783.18 ,,,,,,, 52261.06 ,,
360,Polešovice,,Odlozeno,7.36, 335296.00 , 423025.00 ,Interni,22/06/2022,23/06/2022,,,, 291887.25 ,,,,, 145943.63 ,,,,,,, 48647.88 ,,
361,Nová Dedinka,SK,Nerealizovano,7.36, 893425 EUR , 11555 EUR ,Interni,22/06/2022,27/06/2022,,,,#VALUE!,,,,,#VALUE!,,,,,,,#VALUE!,,
362,Havřice,"TČ,WB, IK",Nerealizovano,5.52, 346558.00 , 432151.00 ,Interni,27/06/2022,29/06/2022,,,, 298184.19 ,,,,, 149092.10 ,,,,,,, 49697.37 ,,
363,Hodonín,"ET 8, IK",Ukonceno,6.44, 343591.00 , 428155.00 ,Interni,28/06/2022,29/06/2022,26/08/2022,,, 295426.95 ,,,,, 147713.48 ,,,,,,, 49237.83 ,,
364,Velké Pavlovice,,Nerealizovano,6.44,341836.00,426048.00,Externi,29/06/2022,29/06/2022,,,, 293973.12 ,,,,, 146986.56 ,,,,,,, 48995.52 ,,
365,Traplice,,Nerealizovano,5.52,317064.00,393652.00,Externi,29/06/2022,13/07/2022,,,, 271619.88 ,,,,, 135809.94 ,,,,,,, 45269.98 ,,
366,Zpytihněv,"PS, LM",Nerealizovano,5.52,333525.00,408224.00,Externi,30/06/2022,14/07/2022,,,, 281674.56 ,,,,, 140837.28 ,,,,,,, 46945.76 ,,
367,Náměšť na Hané,LM,Nerealizovano,8.28,355214.00,450237.00,Externi,30/06/2022,12/07/2022,,,, 310663.53 ,,,,, 155331.77 ,,,,,,, 51777.26 ,,
368,Znojmo,DŠ,Ukonceno,,5500.00,6456.00,Interni,01/07/2022,01/07/2022,,,18/07/20222, 4454.64 ,částka za revizi,zaplaceno,,, 2227.32 ,,31/07/2022,,,,, 742.44 ,,
369,Jámy,DŠ,Nerealizovano,7.36,352944.00,439548.00,Externi,08/07/2022,14/07/2022,,,, 303288.12 ,,,,, 151644.06 ,,,,,,, 50548.02 ,,
370,Petrov,"ET 10, IK",Ukonceno,9.66, 419179.00 , 520521.00 ,Interni,08/07/2022,12/07/2022,,,, 359159.49 ,,,,, 179579.75 ,,,,,,, 59859.92 ,,
371,Kyjov,"ET 10, IK",Odlozeno,7.36, 356584.00 , 444833.00 ,Interni,08/07/2022,12/07/2022,27/07/2022,,, 306934.77 ,,,,, 153467.39 ,,,,,,, 51155.80 ,,
372,Ratíškovice,ET 10,Ukonceno,5.52,314438.00,390088.00,Interni,11/07/2022,29/07/2022,26/08/2022 a 22/11/2022,26/08/2022,, 269160.72 ,,,,, 134580.36 ,,,,,,, 44860.12 ,,
373,Louka,"JH, DŠ",Nerealizovano,,,,Interni,11/07/2022,01/01/2020,,,, - ,,,,, - ,,,,,,, - ,,
374,Ratíškovice,DŠ,Nerealizovano,6.44,333949.00,415175.00,Interni,11/07/2022,28/07/2022,08/08/2022,,, 286470.75 ,,,,, 143235.38 ,,,,,,, 47745.13 ,,
375,Ratíškovice,ET 8,Ukonceno,6.44,333949.00,415175.00,Interni,11/07/2022,28/07/2022,05/08/2022 a 04/11/2022,,, 286470.75 ,,,,, 143235.38 ,,,,,,, 47745.13 ,,
376,Dubňany,DŠ,Nerealizovano,,,,Externi,11/07/2022,,,,, - ,,,,, - ,,,,,,, - ,,
377,Žerotice,LM,Nerealizovano,3.68,215340.00,307804.00,Externi,13/07/2022,26/07/2022,,,, 212384.76 ,,,,, 106192.38 ,,,,,,, 35397.46 ,,
378,Veselí ,,Nerealizovano,,,,Interni,,01/01/2020,,,, - ,,,,, - ,,,,,,, - ,,
379,Lednice,"TČ, ET 10",R ,7.36,373483.00,465231.00,Interni,08/07/2022,22/07/2022,27/07/2022,01/09/2022,06/09/2022, 321009.00 ,07/09/2022,,,, 160504.00 ,,,,,,, 53501.57 ,,
380,Předboj,,Odlozeno,,,,Interni,15/07/2022,,,,, - ,,,,, - ,,,,,,, - ,,
381,Mikulčice,IK,Odlozeno,4.14kWp, 219833.00 , 275860.00 ,Externi,11/07/2022,21/07/2022,,,, 190343.40 ,,,,, 95171.70 ,,,,,,, 31723.90 ,,
382,Brno ,"WB, IK",Odlozeno,9.66, 439435.00 , 553082.00 ,Externi,13/07/2022,19/07/2022,,,, 381626.58 ,,,,, 190813.29 ,,,,,,, 63604.43 ,,
383,Drslavice,ET 10,Ukonceno,7.36, 345573.00 , 429990.00 ,Interni,18/07/2022,01/01/2020,03/08/2022,,27/09/2022, 296693.10 ,29/09/2022,,,, 148346.55 ,,,,,,, 49448.85 ,,
384,Uherský Brod,IK,Nerealizovano,9.6kWp, 448345.00 , 559808.00 ,Interni,18/07/2022,01/01/2020,,,, 386267.52 ,,,,, 193133.76 ,,,,,,, 64377.92 ,,
385,Nenkovice ,LM,Nerealizovano,8.28,369648.00,461570.00,Interni,18/07/2022,21/07/2022,,,, 318483.30 ,,,,, 159241.65 ,,,,,,, 53080.55 ,,
386,Hodonín,TČ,Odlozeno,,,,Interni,20/07/2022,16/08/2022,,,, - ,,,,, - ,,,,,,, - ,,
387,Kněždub,,Odlozeno,8.28, 370945.00 , 463321.00 ,Interni,20/07/2022,25/07/2022,,,, 319691.49 ,,,,, 159845.75 ,,,,,,, 53281.92 ,,
388,"Bílá, Beskydy","TČ,WB",Odeslana_CN,9.66,,,Interni,20/07/2022,27/07/2022,,,, - ,,,,, - ,,,,,,, - ,,
389,Měnín,,Odlozeno,5.52,317294.00,393676.00,Externi,15/07/2022,16/08/2022,,,, 271636.44 ,,,,, 135818.22 ,,,,,,, 45272.74 ,,
390,Měnín,,Odlozeno,7.36,348014.00,432864.00,Externi,15/07/2022,16/08/2022,,,, 298676.16 ,,,,, 149338.08 ,,,,,,, 49779.36 ,,
391,SK,"IK,SK",Slovensko,,,,Interni,,,,,, - ,,,,, - ,,,,,,, - ,,
392,Hodonín,,Odeslana_CN,9.2,383859.00,467895.00,Externi,26/07/2022,04/10/2022,,,, 322847.55 ,,,,, 161423.78 ,,,,,,, 53807.93 ,,
393,Omice,LM,Nerealizovano,,,,Externi,26/07/2022,,,,, - ,,,,, - ,,,,,,, - ,,
394,Opatovice,,Odlozeno,dvě CN, dvě CN , dvě CN ,Externi,27/07/2022,29/07/2022,,,,#VALUE!,,,,,#VALUE!,,,,,,,#VALUE!,,
395,Praha 6,LM,Nerealizovano,,,,Externi,27/07/2022,,,,, - ,,,,, - ,,,,,,, - ,,
396,Ludgeřovice,ET10,Ukonceno,9.66,439643.00,544928.00,Interni,02/08/2022,13/09/2022,19/10/2022,21/09/2022,21/11/2022, 376000.32 ,,,,, 188000.16 ,,,,,,, 62666.72 ,,
397,Radostice,LM,Nerealizovano,7.36,340479.00,424016.00,Externi,02/08/2022,03/08/2022,,,, 292571.04 ,,,,, 146285.52 ,,,,,,, 48761.84 ,,
399,Uherské Hradiště,LM,Nerealizovano,6.9,344249.00,428233.00,Externi,04/08/2022,05/08/2022,,,, 295480.77 ,,,,, 147740.39 ,,,,,,, 49246.80 ,,
400,Pustiměř,,Nerealizovano,7.36, 357758.00 , 446153.00 ,Interni,05/08/2022,01/01/2020,,,, 307845.57 ,,,,, 153922.79 ,,,,,,, 51307.60 ,,
401,Kobylí na Moravě,,Nerealizovano,7.36,339308.00,422256.00,Externi,08/08/2022,18/08/2022,,,, 291356.64 ,,,,, 145678.32 ,,,,,,, 48559.44 ,,
402,Prušánky,,Nerealizovano,5.52,342938.00,427680.00,Externi,05/08/2022,15/08/2022,,,, 295099.20 ,,,,, 147549.60 ,,,,,,, 49183.20 ,,
403,Ostrava,,Ukonceno,5.52,318834.00,394948.00,Externi,08/08/2022,23/09/2022,27/09/2022,,17/10/2022, 272514.12 ,26/10/2022,,,, 136257.06 ,,,,,,, 45419.02 ,,
404,Luhačovice,"JH,LM",Nerealizovano,,,,Interni,08/08/2022,,,,, - ,,,,, - ,,,,,,, - ,,
405,Brno,,Nerealizovano,4.6,,,Interni,08/08/2022,15/08/2022,,,, - ,,,,, - ,,,,,,, - ,,
406,SK-Marianka,"IK,SK",Slovensko,,,,Interni,29/07/2022,15/08/2022,,,, - ,,,,, - ,,,,,,, - ,,
407,Jivno,"TČ, IK",Nerealizovano,9.66kWp, 413304.00 , 514821.00 ,Interni,08/08/2022,12/08/2022,,,, 355226.49 ,,,,, 177613.25 ,,,,,,, 59204.42 ,,
408,Ostrava,,Nerealizovano,,,,Interni,09/08/2022,23/08/2022,,,, - ,,,,, - ,,,,,,, - ,,
409,Polešovice,,Nerealizovano,,,,Interni,,15/08/2022,,,, - ,,,,, - ,,,,,,, - ,,
410,Brandýs nad Labem,,Nerealizovano,5.52,318825.00,390666.00,Interni,08/08/2022,02/09/2022,,,, 269559.54 ,,,,, 134779.77 ,,,,,,, 44926.59 ,,
411,Břeclav,W,Nerealizovano,,,,Interni,18/08/2022,,,,, - ,,,,, - ,,,,,,, - ,,
412,Kozolupy u Plzně,,Nerealizovano,5.52,363128.00,442543.00,Externi,15/08/2022,29/09/2022,,,, 305354.67 ,,,,, 152677.34 ,,,,,,, 50892.45 ,,
413,Horažďovice,,Nerealizovano,8.28,382884.00,477923.00,Externi,14/08/2022,30/08/2022,,,, 329766.87 ,,,,, 164883.44 ,,,,,,, 54961.15 ,,
414,Zábřeh u Šumperku,,Odlozeno,9.66,416352.00,518784.00,Externi,13/08/2022,23/08/2022,,,, 357960.96 ,,,,, 178980.48 ,,,,,,, 59660.16 ,,
415,Spálené Poříčí,,Odlozeno,6.9,363583.00,454152.00,Externi,09/08/2022,23/08/2022,,,, 313364.88 ,,,,, 156682.44 ,,,,,,, 52227.48 ,,
416,Letohrad,,Odlozeno,9.66,,,Externi,09/08/2022,02/09/2022,,,, - ,,,,, - ,,,,,,, - ,,
417,Březová,"TČ,WB",Nerealizovano,6.9,437818.00,543191.00,Externi,07/08/2022,02/09/2022,,,, 374801.79 ,,,,, 187400.90 ,,,,,,, 62466.97 ,,
418,Brandýs nad Labem,WB,Odlozeno,8.74,430935.00,534935.00,Externi,05/08/2022,02/09/2022,,,, 369105.15 ,,,,, 184552.58 ,,,,,,, 61517.53 ,,
419,Prušánky,LM,Odlozeno,5.52,349218.00,434867.00,Externi,24/07/2022,19/08/2022,,,, 300058.23 ,,,,, 150029.12 ,,,,,,, 50009.71 ,,
420,Okrouhlá - Blansko,LM,Odlozeno,8.28,318177.00,394781.00,Externi,24/07/2022,19/08/2022,,,, 272398.89 ,,,,, 136199.45 ,,,,,,, 45399.82 ,,
421,Břeclav,,Nerealizovano,7.36,391524.00,489406.00,Externi,27/07/2022,02/09/2022,,,, 337690.14 ,,,,, 168845.07 ,,,,,,, 56281.69 ,,
422,Hodonín,,Odeslana_CN,7.36,354566.00,439908.00,Externi,27/07/2022,08/09/2022,,,, 303536.52 ,,,,, 151768.26 ,,,,,,, 50589.42 ,,
423,Malé Hoštice,LM,Nerealizovano,9.66 kwp,,,Interni,,,,,, - ,,,,, - ,,,,,,, - ,,
424,Čejkovice,LM,Nerealizovano,9.66,,,Externi,,,,,, - ,,,,, - ,,,,,,, - ,,
425,Milotice,,Odlozeno,5.52,340811.00,423323.00,Interni,23/08/2022,08/09/2022,,,, 292092.87 ,,,,, 146046.44 ,,,,,,, 48682.15 ,,
426,Rataje,,Ukonceno,9.66,394323.00,490251.00,Externi,23/08/2022,06/09/2022,,,, 338273.19 ,,,,, 169136.60 ,,,,,,, 56378.87 ,,
427,Sezimovo Ústí,,Nerealizovano,7.36,416853.00,514664.00,Externi,24/08/2022,15/09/2022,,,, 355118.16 ,,,,, 177559.08 ,,,,,,, 59186.36 ,,
428,Čejč,,Ukonceno,8.28,,,Interni,24/08/2022,,24/08/2022,,, - ,,,,, - ,,,,,,, - ,,
429,Čejč,,Odeslana_CN,9.66,392621.00,488917.00,Interni,29/08/2022,25/11/2022,,,, 337352.73 ,,,,, 168676.37 ,,,,,,, 56225.46 ,,
430,Uherské Hradiště,"WB, ET10",Ukonceno,9.66,,567843.00,Interni,30/08/2022,01/01/2020,06/10/2022,,, 391811.67 ,,,,, 195905.84 ,,,,,,, 65301.95 ,,
431,Uherské Hradiště,"WB+PS, ET10",Ukonceno,9.66,,585347.00,Interni,30/08/2022,01/01/2020,06/10/2022,,, 403889.43 ,,,,, 201944.72 ,,,,,,, 67314.91 ,,
432,Uherské Hradiště,,Nerealizovano,,,,Interni,30/08/2022,01/01/2020,,,, - ,,,,, - ,,,,,,, - ,,
433,Uherský Brod,ET 10,Nerealizovano,7.36,,437098.00,Interni,30/08/2022,01/01/2020,06/09/2022,,, 301597.62 ,,,,, 150798.81 ,,,,,,, 50266.27 ,,
434,,DŠ,Nerealizovano,,,,Externi,31/08/2022,,,,, - ,,,,, - ,,,,,,, - ,,
435,Brno,,Odeslana_CN,9.2,428468.00,532262.00,Externi,31/08/2022,07/09/2022,,,, 367260.78 ,,,,, 183630.39 ,,,,,,, 61210.13 ,,
436,Brno,WB,Odlozeno,7.36,398102.00,496881.00,Externi,31/08/2022,07/09/2022,,,, 342847.89 ,,,,, 171423.95 ,,,,,,, 57141.32 ,,
437,,DŠ,Nerealizovano,,,,Externi,31/08/2022,,,,, - ,,,,, - ,,,,,,, - ,,
438,Břeclav,,Nerealizovano,,,,Interni,31/08/2022,,,,, - ,,,,, - ,,,,,,, - ,,
439,Čejč,DŠ,Nerealizovano,7.1,279113.00,377692.00,Externi,31/08/2022,01/09/2022,,,, 260607.48 ,,,,, 130303.74 ,,,,,,, 43434.58 ,,
440,Břeclav,DŠ,Nerealizovano,9.2,442704.00,606253.00,Externi,31/08/2022,01/09/2022,,,, 418314.57 ,,,,, 209157.29 ,,,,,,, 69719.10 ,,
441,Chlumec nad Cidlinou,,Odeslana_CN,9.66,431244.00,521817.00,Externi,31/08/2022,08/09/2022,,,, 360053.73 ,,,,, 180026.87 ,,,,,,, 60008.96 ,,
442,Moravská Nová Ves,mikrozdroj,Ukonceno,7.36,361789.00,449233.00,Externi,31/08/2022,02/09/2022,"09/09/2022, 03/11/2022",,, 309970.77 ,,,,, 154985.39 ,,,,,,, 51661.80 ,,
443,Podivín,,Nerealizovano,,,,Externi,31/08/2022,,,,, - ,,,,, - ,,,,,,, - ,,
444,Bašť,DŠ,Nerealizovano,7.82,407877.00,505502.00,Externi,31/08/2022,02/09/2022,,,, 348796.38 ,,,,, 174398.19 ,,,,,,, 58132.73 ,,
445,Zlín,DŠ,Nerealizovano,5.52,311346.00,408835.00,Interni,01/09/2022,01/09/2022,,,, 282096.15 ,,,,, 141048.08 ,,,,,,, 47016.03 ,,
446,,JG,Odlozeno,,,,Externi,13/05/2022,,,,, - ,,,,, - ,,,,,,, - ,,
447,Polešovice,TČ,Nerealizovano,4.6,336167.00,417786.00,Externi,13/07/2022,06/09/2022,,,, 288272.34 ,,,,, 144136.17 ,,,,,,, 48045.39 ,,
448,Bdeněves,,Nerealizovano,9.66,493065.00,606974.00,Externi,07/07/2022,15/09/2022,,,, 418812.06 ,,,,, 209406.03 ,,,,,,, 69802.01 ,,
449,Lešná,JG,Nerealizovano,6.44,359503.00,446816.00,Externi,23/06/2022,15/09/2022,,,, 308303.04 ,,,,, 154151.52 ,,,,,,, 51383.84 ,,
450,Pašovice,,Odlozeno,7.36,358946.00,445822.00,Externi,02/09/2022,12/09/2022,,,, 307617.18 ,,,,, 153808.59 ,,,,,,, 51269.53 ,,
451,Prostějov,WB,Nerealizovano,6.9,393003.00,490391.00,Externi,24/06/2022,13/09/2022,,,, 338369.79 ,,,,, 169184.90 ,,,,,,, 56394.97 ,,
452,Hodonín,DŠ,Nerealizovano,,,,Externi,02/09/2022,,,,, - ,,,,, - ,,,,,,, - ,,
453,Vracov,"WB, PS",Odeslana_CN,,,,Interni,02/09/2022,,,,, - ,,,,, - ,,,,,,, - ,,
454,Brno,DŠ,Nerealizovano,5.52,347645.00,432411.00,Externi,02/09/2022,16/09/2022,,,, 298363.59 ,,,,, 149181.80 ,,,,,,, 49727.27 ,,
455,Prostějov,DŠ,Nerealizovano,9.66,431003.00,535424.00,Externi,02/09/2022,07/09/2022,,,, 369442.56 ,,,,, 184721.28 ,,,,,,, 61573.76 ,,
456,Zlín,DŠ,Nerealizovano,9.66,429275.00,533178.00,Externi,02/09/2022,12/09/2022,,,, 367892.82 ,,,,, 183946.41 ,,,,,,, 61315.47 ,,
457,Olešná,DŠ,Nerealizovano,,,,Externi,02/09/2022,,,,, - ,,,,, - ,,,,,,, - ,,
458,Hodonín,"WB,PS",Nerealizovano,5.52,380037.00,474708.00,Externi,31/05/2022,15/09/2022,,,, 327548.52 ,,,,, 163774.26 ,,,,,,, 54591.42 ,,
459,Jeníkovice u Pardubic,,Nerealizovano,6.44,380044.00,471932.00,Externi,30/05/2022,08/09/2022,,,, 325633.08 ,,,,, 162816.54 ,,,,,,, 54272.18 ,,
460,Kostelec na Hané,,Nerealizovano,3.68,187345.00,235702.00,Externi,28/05/2022,12/09/2022,,,, 162634.38 ,,,,, 81317.19 ,,,,,,, 27105.73 ,,
461,Břeclav,,Odlozeno,,,,Externi,11/04/2022,,,,, - ,,,,, - ,,,,,,, - ,,
462,Hlušovice,,Nerealizovano,9.66,433403.00,538544.00,Externi,03/05/2022,08/09/2022,,,, 371595.36 ,,,,, 185797.68 ,,,,,,, 61932.56 ,,
463,,LM,Nerealizovano,,,,Externi,18/07/2022,,,,, - ,,,,, - ,,,,,,, - ,,
464,,LM,Nerealizovano,9.66, 392621 , 488917 ,Externi,04/09/2022,12/09/2022,,,, 337352.73 ,,,,, 168676.37 ,,,,,,, 56225.46 ,,
465,,"LM,WB",Nerealizovano,,,,Externi,04/09/2022,,,,, - ,,,,, - ,,,,,,, - ,,
466,Mikulčice,,Odlozeno,,,,Interni,05/09/2022,,,,, - ,,,,, - ,,,,,,, - ,,
467,Břeclav,,Odeslana_CN,9.66,392621.00,488917.00,Interni,05/09/2022,14/09/2022,,,, 337352.73 ,,,,, 168676.37 ,,,,,,, 56225.46 ,,
468,Hodonín,,Odlozeno,6.44,349737.00,434121.00,Interni,05/09/2022,14/09/2022,,,, 299543.49 ,,,,, 149771.75 ,,,,,,, 49923.92 ,,
469,Terezín,,Odlozeno,9.6,398513.00,496872.00,Interni,07/09/2022,22/09/2022,,,, 342841.68 ,,,,, 171420.84 ,,,,,,, 57140.28 ,,
470,Křemže,,Odeslana_CN,9.66,444423.00,549496.00,Externi,05/09/2022,15/09/2022,,,, 379152.24 ,,,,, 189576.12 ,,,,,,, 63192.04 ,,
471,Břeclav,,Odeslana_CN,9.66,392621.00,488917.00,Interni,05/09/2022,14/09/2022,,,, 337352.73 ,,,,, 168676.37 ,,,,,,, 56225.46 ,,
472,Rohatec,,Ukonceno,9.66,423774.00,530501.00,Interni,05/09/2022,04/11/2022,10/11/2022,,, 366045.69 ,,,,, 183022.85 ,,,,,,, 61007.62 ,,
473,Cvrčovice u Pohořelic,ET,Odeslana_CN,9.66,394707.00,491629.00,Interni,05/09/2022,16/09/2022,,,, 339224.01 ,,,,, 169612.01 ,,,,,,, 56537.34 ,,
474,Podolí u Brna,ET,Nerealizovano,,,,Interni,05/09/2022,,,,, - ,,,,, - ,,,,,,, - ,,
475,Krhanice,DŠ,Nerealizovano,9.66,438657.00,547257.00,Interni,05/09/2022,16/09/2022,,,, 377607.33 ,,,,, 188803.67 ,,,,,,, 62934.56 ,,
476,Zdiby,ET,Odlozeno,7.36,382677.00,477151.00,Interni,06/09/2022,16/09/2022,,,, 329234.19 ,,,,, 164617.10 ,,,,,,, 54872.37 ,,
477,Brandýs nad Labem,ET,Nerealizovano,,,,Interni,06/09/2022,,,,, - ,,,,, - ,,,,,,, - ,,
478,Písková Lhota,,Odlozeno,9.66,403754.00,498981.00,Interni,06/09/2022,15/09/2022,,,, 344296.89 ,,,,, 172148.45 ,,,,,,, 57382.82 ,,
479,Drahany,ET,Nerealizovano,,,,Interni,06/09/2022,,,,, - ,,,,, - ,,,,,,, - ,,
480,Náchod,ET,Nerealizovano,,,,Externi,07/09/2022,,,,, - ,,,,, - ,,,,,,, - ,,
481,Doubek,ET,Nerealizovano,,,,Interni,07/09/2022,,,,, - ,,,,, - ,,,,,,, - ,,
482,Křesetice,ET,Nerealizovano,,,,Interni,07/09/2022,,,,, - ,,,,, - ,,,,,,, - ,,
483,Praha-Stodůlky,ET,Nerealizovano,,,,Interni,08/09/2022,,,,, - ,,,,, - ,,,,,,, - ,,
484,Kralupy nad Vltavou,ET,Nerealizovano,,,,Interni,08/09/2022,,,,, - ,,,,, - ,,,,,,, - ,,
485,Svatobořice-Mistřín,LM,Nerealizovano,6.44,349737.00,434121.00,Interni,09/09/2022,15/09/2022,,,, 299543.49 ,,,,, 149771.75 ,,,,,,, 49923.92 ,,
486,Rakovník,,Nerealizovano,,,,Interni,09/09/2022,,,,, - ,,,,, - ,,,,,,, - ,,
487,Bělkovice - Laštany,ET,Nerealizovano,,,,Interni,09/09/2022,,,,, - ,,,,, - ,,,,,,, - ,,
488,Březnice,,Ukonceno,9.66,365010.00,535035.00,Interni,13/09/2022,13/09/2022,27/10/2022,,, 369174.15 ,,,,, 184587.08 ,,,,,,, 61529.03 ,,
489,Uherské Hradiště,,Nerealizovano,,,,Interni,14/09/2022,01/01/2020,,,, - ,,,,, - ,,,,,,, - ,,
490,Ratíškovice,ET,Odlozeno,6.44,337546.00,418184.00,Interni,15/09/2022,16/09/2022,,,, 288546.96 ,,,,, 144273.48 ,,,,,,, 48091.16 ,,
491,Petřvald,,Odeslana_CN,9.66,405939.00,503610.00,Interni,15/09/2022,22/09/2022,,,, 347490.90 ,,,,, 173745.45 ,,,,,,, 57915.15 ,,
492,Radim,,Nerealizovano,8.28,370389.00,461777.00,Interni,14/09/2022,20/09/2022,,,, 318626.13 ,,,,, 159313.07 ,,,,,,, 53104.36 ,,
493,Radějovice,,Odeslana_CN,9.9,396909.00,489647.00,Interni,12/09/2022,20/09/2022,,,, 337856.43 ,,,,, 168928.22 ,,,,,,, 56309.41 ,,
494,Růmy-Zlín,PS,Nerealizovano,9.66,422343.00,521200.00,Interni,12/09/2022,20/09/2022,,,, 359628.00 ,,,,, 179814.00 ,,,,,,, 59938.00 ,,
495,Buštěhrad,,Nerealizovano,,,,Interni,14/09/2022,,,,, - ,,,,, - ,,,,,,, - ,,
496,Kladno,,Nerealizovano,,,,Interni,15/09/2022,,,,, - ,,,,, - ,,,,,,, - ,,
497,Brno,,Nerealizovano, ,,,Interni,15/09/2022,01/01/2020,,,, - ,,,,, - ,,,,,,, - ,,
498,Zlín,,Ukonceno,9.66,452969.00,565286.00,Interni,13/09/2022,13/09/2022,21/09/2022,,, 390047.34 ,,,,, 195023.67 ,,,,,,, 65007.89 ,,
499,Libušín,DŠ,Nerealizovano,,,,Interni,19/09/2022,,,,, - ,,,,, - ,,,,,,, - ,,
500,Prachatice,DŠ,Nerealizovano,6.44,374438.00,461431.00,Interni,20/09/2022,22/09/2022,,,, 318387.39 ,,,,, 159193.70 ,,,,,,, 53064.57 ,,
501,Prachatice,DŠ,Nerealizovano,,,,Interni,20/09/2022,,,,, - ,,,,, - ,,,,,,, - ,,
502,Mírovice,DŠ,Nerealizovano,9.66, 448897.00 ,556857.00,Interni,20/09/2022,22/09/2022,,,, 384231.33 ,,,,, 192115.67 ,,,,,,, 64038.56 ,,
503,Veverská Bítýška,,Odlozeno,5.52, 335096.00 ,415365.00,Interni,20/09/2022,22/09/2022,,,, 286601.85 ,,,,, 143300.93 ,,,,,,, 47766.98 ,,
504,Olomouc,DŠ,Nerealizovano,9.66, 399027.00 ,497245.00,Interni,20/09/2022,22/09/2022,,,, 343099.05 ,,,,, 171549.53 ,,,,,,, 57183.18 ,,
505,Čejkovice,,Nerealizovano,,,,Interni,20/09/2022,,,,, - ,,,,, - ,,,,,,, - ,,
506,Bášť,,Ukonceno,4.6,,386061.00,Interni,21/09/2022,21/09/2022,23/09/2023,,, 266382.09 ,,,,, 133191.05 ,,,,,,, 44397.02 ,,
507,Břeclav,,Odeslana_CN,7.82,377589.00,463592.00,Externi,27/09/2022,03/10/2022,,,, 319878.48 ,,,,, 159939.24 ,,,,,,, 53313.08 ,,
508,Holešov,"JH,DŠ",Nerealizovano,,,,Interni,22/09/2022,,,,, - ,,,,, - ,,,,,,, - ,,
509,Ořech,,Nerealizovano,,,,Interni,23/09/2022,,,,, - ,,,,, - ,,,,,,, - ,,
510,Domašov,,Nerealizovano,,,,Interni,26/09/2022,,,,, - ,,,,, - ,,,,,,, - ,,
511,Uhřice,,Nerealizovano,,,,Interni,26/09/2022,,,,, - ,,,,, - ,,,,,,, - ,,
512,Hustopeče,PS,Nerealizovano,8.28,387547.00,483666.00,Externi,27/09/2022,27/09/2022,,,, 333729.54 ,,,,, 166864.77 ,,,,,,, 55621.59 ,,
513,Bohuslavice u Zlína,,Odlozeno,,,,Interni,29/09/2022,,,,, - ,,,,, - ,,,,,,, - ,,
514,Bohuslavice u Zlína,,Odlozeno,,,,Interni,29/09/2022,,,,, - ,,,,, - ,,,,,,, - ,,
515,Zlechov,,Odlozeno,,,,Interni,29/09/2022,,,,, - ,,,,, - ,,,,,,, - ,,
516,Havřice,,Odeslana_CN,jh,,437098.00,Interni,29/09/2022,,,,, 301597.62 ,,,,, 150798.81 ,,,,,,, 50266.27 ,,
517,Vnorovy,,Odlozeno,9.66,393221.00,489728.00,Interni,30/09/2022,05/10/2022,,,, 337912.32 ,,,,, 168956.16 ,,,,,,, 56318.72 ,,
518,Zvotoly,DŠ,Nerealizovano,9.66,419667.00,517837.00,Externi,30/09/2022,04/10/2022,,,, 357307.53 ,,,,, 178653.77 ,,,,,,, 59551.26 ,,
519,Hartinkov,DŠ,Nerealizovano,9.66,434497.00,543513.00,Externi,30/09/2022,05/10/2022,,,, 375023.97 ,,,,, 187511.99 ,,,,,,, 62504.00 ,,
520,,DŠ,Nerealizovano,,,,Externi,30/09/2022,,,,, - ,,,,, - ,,,,,,, - ,,
521,Bystřice pod Lopeníkem,DŠ,Nerealizovano,5.52,332024.00,411371.00,Externi,30/09/2022,04/10/2022,,,, 283845.99 ,,,,, 141923.00 ,,,,,,, 47307.67 ,,
522,?,DŠ,Nerealizovano,,,,Externi,30/09/2022,,,,, - ,,,,, - ,,,,,,, - ,,
523,,DŠ,Nerealizovano,,,,Externi,30/09/2022,,,,, - ,,,,, - ,,,,,,, - ,,
524,Čejč,"PS, W",Ukonceno,7.36,430377.00,534068.00,Externi,30/09/2022,14/10/2022,18/10/2022,,, 368506.92 ,,,,, 184253.46 ,,,,,,, 61417.82 ,,
525,Spořice,DŠ,Nerealizovano,5.52,363776.00,452806.00,Externi,30/09/2022,05/10/2022,,,, 312436.14 ,,,,, 156218.07 ,,,,,,, 52072.69 ,,
526,Moravské Bránice,PS,Ukonceno,6.44,372387.00,464635.00,Interni,30/09/2022,05/10/2022,24/10/2022,,, 320598.15 ,,,,, 160299.08 ,,,,,,, 53433.03 ,,
527,Rabštejn,DŠ,Nerealizovano,9.66,407867.00,506797.00,Interni,30/09/2022,05/10/2022,,,, 349689.93 ,,,,, 174844.97 ,,,,,,, 58281.66 ,,
528,Valtice,,Odeslana_CN,9.66,394821.00,491888.00,Interni,27/09/2022,04/10/2022,,,, 339402.72 ,,,,, 169701.36 ,,,,,,, 56567.12 ,,
529,Hodonín,DŠ,Nerealizovano,,,,Externi,04/10/2022,,,,, - ,,,,, - ,,,,,,, - ,,
530,?,,Odlozeno,7.36,358946.00,445822.00,Externi,04/10/2022,06/10/2022,,,, 307617.18 ,,,,, 153808.59 ,,,,,,, 51269.53 ,,
531,Žarošice 376,DŠ,Nerealizovano,7.36,358946.00,445822.00,Externi,04/10/2022,10/10/2022,,,, 307617.18 ,,,,, 153808.59 ,,,,,,, 51269.53 ,,
532,Žarošice 53,DŠ,Nerealizovano,7.36,358946.00,445822.00,Externi,04/10/2022,10/10/2022,,,, 307617.18 ,,,,, 153808.59 ,,,,,,, 51269.53 ,,
533,Lelekovice,PS,Odlozeno,9.66,429705.00,538747.00,Externi,04/10/2022,13/10/2022,,,, 371735.43 ,,,,, 185867.72 ,,,,,,, 61955.91 ,,
534,Rohatec,,Odeslana_CN,9.2,418867.00,524716.00,Interni,04/10/2022,05/10/2022,,,, 362054.04 ,,,,, 181027.02 ,,,,,,, 60342.34 ,,
535,Hlásná Třebaň,,Odeslana_CN,5.98,374274.00,460620.00,Interni,05/10/2022,06/10/2022,,,, 317827.80 ,,,,, 158913.90 ,,,,,,, 52971.30 ,,
536,Luhačovice,,Odlozeno,,,,Externi,05/10/2022,,,,, - ,,,,, - ,,,,,,, - ,,
537,Čejkovice,,Odeslana_CN,9.2,257328.00,325234.00,Interni,05/10/2022,05/10/2022,,,, 224411.46 ,,,,, 112205.73 ,,,,,,, 37401.91 ,,
538,Střílky,"JH,DŠ",Nerealizovano,,,,Interni,06/10/2022,,,,, - ,,,,, - ,,,,,,, - ,,
539,Vsetín,"JH,DŠ",Nerealizovano,,,,Interni,06/10/2022,,,,, - ,,,,, - ,,,,,,, - ,,
540,Šternberk,DŠ,Nerealizovano,,,,Interni,07/10/2022,,,,, - ,,,,, - ,,,,,,, - ,,
541,Slušovice,DŠ,Nerealizovano,,,,Externi,07/10/2022,,,,, - ,,,,, - ,,,,,,, - ,,
542,Praha 5 - Zbraslav,DŠ,Nerealizovano,9.66,422581.00,528766.00,Interni,07/10/2022,,,,, 364848.54 ,,,,, 182424.27 ,,,,,,, 60808.09 ,,
543,Kašnice,,Ukonceno,5.52,331927.00,411330.00,Interni,10/10/2022,12/10/2022,18/10/2022,,, 283817.70 ,,,,, 141908.85 ,,,,,,, 47302.95 ,,
544,Litovel,PS,Nerealizovano,,,,Interni,11/10/2022,,,,, - ,,,,, - ,,,,,,, - ,,
545,Předboj,,Odeslana_CN,7.36,405773.00,497166.00,Externi,11/10/2022,,,,, 343044.54 ,,,,, 171522.27 ,,,,,,, 57174.09 ,,
546,Kyjov,,Nepotvrzena_realizace,,,,Interni,11/10/2022,,18/10/2022,,, - ,,,,, - ,,,,,,, - ,,
547,Kovanice,,Odlozeno,7.36,381268.00,469464.00,Externi,13/10/2022,18/10/2022,,,, 323930.16 ,,,,, 161965.08 ,,,,,,, 53988.36 ,,
548,Kyjov,PS,Nerealizovano,6.44,369107.00,460271.00,Interni,13/10/2022,18/10/2022,,,, 317586.99 ,,,,, 158793.50 ,,,,,,, 52931.17 ,,
549,Hodonín,,Odeslana_CN,5.52,298331.00,370918.00,Interni,12/10/2022,11/11/2022,,,, 255933.42 ,,,,, 127966.71 ,,,,,,, 42655.57 ,,
550,Netvořice,2xWB,Odeslana_CN,9.66,482193.00,596179.00,Interni,14/10/2022,20/10/2022,,,, 411363.51 ,,,,, 205681.76 ,,,,,,, 68560.59 ,,
551,Brandýs nad Labem,,Odlozeno,,,,Interni,14/10/2022,,,,, - ,,,,, - ,,,,,,, - ,,
552,Břeclav,PS,Odeslana_CN,9.66,421877.00,528413.00,Interni,17/10/2022,19/10/2022,,,, 364604.97 ,,,,, 182302.49 ,,,,,,, 60767.50 ,,
553,Břeclav,PS,Odeslana_CN,5.52,348487.00,433686.00,Interni,17/10/2022,19/10/2022,,,, 299243.34 ,,,,, 149621.67 ,,,,,,, 49873.89 ,,
554,Tetčice,,Nerealizovano,,,,Interni,17/10/2022,,,,, - ,,,,, - ,,,,,,, - ,,
555,Bartošovice,,Nerealizovano,,,,Externi,,,,,, - ,,,,, - ,,,,,,, - ,,
556,Komárov,v jednání EM,,,,,Interni,,,,,, - ,,,,, - ,,,,,,, - ,,
557,Hrušky,,Odeslana_CN,5.52,342661.00,425821.00,Interni,17/10/2022,19/10/2022,,,, 293816.49 ,,,,, 146908.25 ,,,,,,, 48969.42 ,,
558,Němčice ,,Nerealizovano,9.66,436136.00,532702.00,Interni,18/10/2022,27/10/2022,,,, 367564.38 ,,,,, 183782.19 ,,,,,,, 61260.73 ,,
559,Přerov IX - Lýsky,,Nerealizovano,,,,Interni,18/10/2022,,,,, - ,,,,, - ,,,,,,, - ,,
560,Pstruží,"PS,TČ",Odlozeno,9.66,414296.00,512442.00,Interni,18/10/2022,23/11/2022,,,, 353584.98 ,,,,, 176792.49 ,,,,,,, 58930.83 ,,
561,Šardice,,Nepotvrzena_realizace,9.66,396794.00,494552.00,Interni,18/10/2022,19/10/2022,24/10/2022,,, 341240.88 ,,,,, 170620.44 ,,,,,,, 56873.48 ,,
562,Frenštát pod Radhoštěm,,Odeslana_CN,5.52,325991.00,407917.00,Externi,19/10/2022,24/10/2022,,,, 281462.73 ,,,,, 140731.37 ,,,,,,, 46910.46 ,,
563,Hrušky,,Odlozeno,,,,Externi,19/10/2022,,,,, - ,,,,, - ,,,,,,, - ,,
564,Písečná,WB,Odeslana_CN,5.52,344233.00,430788.00,Externi,20/10/2022,21/10/2022,,,, 297243.72 ,,,,, 148621.86 ,,,,,,, 49540.62 ,,
565,Doubravčice,,,,,,Interni,20/10/2022,,,,, - ,,,,, - ,,,,,,, - ,,
566,Čejkovice,,Odeslana_CN,6.44,355972.00,442223.00,Interni,20/10/2022,08/11/2022,,,, 305133.87 ,,,,, 152566.94 ,,,,,,, 50855.65 ,,
567,Koryčany,,Odeslana_CN,9.66,383281.00,470993.00,Externi,21/10/2022,02/11/2022,,,, 324985.17 ,,,,, 162492.59 ,,,,,,, 54164.20 ,,
568,Ratíškovice,,Nerealizovano,,,,Interni,21/10/2022,,,,, - ,,,,, - ,,,,,,, - ,,
569,Mosty u Jablůnkova,"WB, TČ",Odeslana_CN,9.66,439561.00,549966.00,Externi,24/10/2022,,,,, 379476.54 ,,,,, 189738.27 ,,,,,,, 63246.09 ,,
570,Kunovice,,Odeslana_CN,,,,Externi,24/10/2022,,,,, - ,,,,, - ,,,,,,, - ,,
571,Vacenovice,,Odeslana_CN,7.36,365022.00,453664.00,Interni,24/10/2022,10/11/2022,,,, 313028.16 ,,,,, 156514.08 ,,,,,,, 52171.36 ,,
572,Kyjov,,Odlozeno,,,,Interni,25/10/2022,,,,, - ,,,,, - ,,,,,,, - ,,
573,Šardice,,Ukonceno,9.66,394830.00,491900.00,Externi,25/10/2022,03/11/2022,21/11/2022,,, 339411.00 ,,,,, 169705.50 ,,,,,,, 56568.50 ,,
574,Ratiškovice,,Odeslana_CN,9.66,280769.00,354141.00,Interni,25/10/2022,07/11/2022,,,, 244357.29 ,,,,, 122178.65 ,,,,,,, 40726.22 ,,
575,Hodonín,DŠ,Nerealizovano,2.76,105014.00,134820.00,Externi,24/10/2022,31/10/2022,,,, 93025.80 ,,,,, 46512.90 ,,,,,,, 15504.30 ,,
576,Čejč,PS,Odeslana_CN,9.66,421877.00,518713.00,Externi,25/10/2022,04/11/2022,,,, 357911.97 ,,,,, 178955.99 ,,,,,,, 59652.00 ,,
577,Ostrava,,,,,,Interni,,,,,, - ,,,,, - ,,,,,,, - ,,
578,Ratiškovice,doplnění panelů,Odeslana_CN,1.38,,35450.00,Interni,,25/10/2022,,,, 24460.50 ,,,,, 12230.25 ,,,,,,, 4076.75 ,,
579,Luhačovice,,Odlozeno,,,,Externi,31/10/2022,,,,, - ,,,,, - ,,,,,,, - ,,
580,Částkov,,Odeslana_CN,8.28,381698.00,475208.00,Externi,31/10/2022,08/11/2022,,,, 327893.52 ,,,,, 163946.76 ,,,,,,, 54648.92 ,,
581,Rohatec,,Odeslana_CN,9.66,,,Externi,31/10/2022,24/11/2022,,,, - ,,,,, - ,,,,,,, - ,,
582,,,Nerealizovano,,,,Externi,,,,,, - ,,,,, - ,,,,,,, - ,,
583,Břeclav,,Odeslana_CN,8.28,385849.00,480519.00,Externi,03/11/2022,24/11/2022,,,, 331558.11 ,,,,, 165779.06 ,,,,,,, 55259.69 ,,
584,,DŠ,Nerealizovano,,,,Externi,03/11/2022,,,,, - ,,,,, - ,,,,,,, - ,,
585,Hodonín,PS+WB,Ukonceno,9.66,460152.00,534724.00,Externi,03/11/2022,04/11/2022,22/11/2022,,, 368959.56 ,,,,, 184479.78 ,,,,,,, 61493.26 ,,
586,Lipov,,Odlozeno,,,,Externi,05/11/2022,,,,, - ,,,,, - ,,,,,,, - ,,
587,Lednice,,Ukonceno,9.66,400210.00,498690.00,Interni,07/11/2022,08/11/2022,23/11/2022,,, 344096.10 ,,,,, 172048.05 ,,,,,,, 57349.35 ,,
588,Ratiškovice,LM,Nerealizovano,,,,Interni,07/11/2022,,,,, - ,,,,, - ,,,,,,, - ,,
589,Ratiškovice,,Nerealizovano,,,,Interni,07/11/2022,,,,, - ,,,,, - ,,,,,,, - ,,
590,Horní Věstonice,,Odeslana_CN,7.36,370051.00,460373.00,Externi,09/11/2022,09/11/2022,,,, 317657.37 ,,,,, 158828.69 ,,,,,,, 52942.90 ,,
591,Dubňany 42,,Odeslana_CN,7.36,364480.00,452932.00,Externi,11/11/2022,24/11/2022,,,, 312523.08 ,,,,, 156261.54 ,,,,,,, 52087.18 ,,
592,Šardice 572,,Ukonceno,9.66,394830.00,491900.00,Externi,14/11/2022,15/11/2022,21/11/2022,,, 339411.00 ,,,,, 169705.50 ,,,,,,, 56568.50 ,,
593,Dehtáry 42,,Odeslana_CN,9.66,491301.00,598326.00,Externi,14/11/2022,21/11/2022,,,, 412844.94 ,,,,, 206422.47 ,,,,,,, 68807.49 ,,
594,Hlohovec,WB,Odeslana_CN,9.66,405564.00,505919.00,Externi,15/11/2022,21/11/2022,,,, 349084.11 ,,,,, 174542.06 ,,,,,,, 58180.69 ,,
595,Praha 10,WB,Odeslana_CN,5.52,372825.00,461533.00,Externi,15/11/2022,21/11/2022,,,, 318457.77 ,,,,, 159228.89 ,,,,,,, 53076.30 ,,
596,Strážnice,,Odeslana_CN,5.52,333902.00,413726.00,Externi,19/11/2022,22/11/2022,,,, 285470.94 ,,,,, 142735.47 ,,,,,,, 47578.49 ,,
597,,,,,,,Interni,,,,,, - ,,,,, - ,,,,,,, - ,,
